family,target,n,kind,measured,high_minus_low_pp,ci_low_pp,ci_high_pp,min_bank_pp,max_bank_pp,margin_delta_bpb
vintage,Openness,1,trait,Openness,4.25,3.05,5.550000000000001,3.25,5.5,0.023069404583623398
vintage,Openness,1,trait,Conscientiousness,-0.5499999999999999,-1.4500000000000002,0.4,-2.5,1.7500000000000002,-0.0037472727900751597
vintage,Openness,1,trait,Extraversion,0.35000000000000003,-0.4,1.0500000000000003,-1.5,2.0,0.003199063734735824
vintage,Openness,1,trait,Agreeableness,3.1,1.8000000000000003,4.55,1.25,7.75,0.01419569719086625
vintage,Openness,1,trait,Neuroticism,0.7000000000000001,-0.35000000000000003,1.8000000000000003,-1.7500000000000002,6.5,0.004419775966008073
vintage,Openness,1,trait,Machiavellianism,-2.7755575615628914e-17,-1.25,1.3,-3.25,3.0,0.00011246937756713013
vintage,Openness,1,trait,Narcissism,-0.2,-1.1500000000000001,0.7512499999999934,-1.7500000000000002,1.0,-0.002054585555979464
vintage,Openness,1,trait,Psychopathy,-1.55,-2.50125,-0.7000000000000001,-3.75,-0.25,-0.008321392320652543
vintage,Openness,2,trait,Openness,5.950000000000001,4.500000000000001,7.5,1.5,9.75,0.037441219548052886
vintage,Openness,2,trait,Conscientiousness,-1.3,-2.1500000000000004,-0.5,-4.75,2.25,-0.011391099364366393
vintage,Openness,2,trait,Extraversion,1.8000000000000003,0.8500000000000001,2.75,0.0,3.75,0.014503151175135271
vintage,Openness,2,trait,Agreeableness,2.6,1.55,3.6999999999999997,-1.0,6.5,0.01349946855523354
vintage,Openness,2,trait,Neuroticism,-0.24999999999999997,-1.4000000000000001,0.9000000000000001,-3.25,4.25,-0.0020746859750361652
vintage,Openness,2,trait,Machiavellianism,0.5,-0.6500000000000001,1.8000000000000003,-1.0,2.5,0.0003721710132741591
vintage,Openness,2,trait,Narcissism,0.19999999999999996,-0.6500000000000001,1.0512499999999934,-1.0,1.25,-0.00012728403543794386
vintage,Openness,2,trait,Psychopathy,-1.8000000000000003,-2.75125,-0.9000000000000001,-3.25,0.75,-0.004057188386101241
vintage,Openness,4,trait,Openness,9.25,7.450000000000001,11.200000000000001,6.0,16.25,0.054147814095630534
vintage,Openness,4,trait,Conscientiousness,-2.0500000000000003,-3.25,-0.9000000000000001,-7.000000000000001,1.5,-0.014349656844713083
vintage,Openness,4,trait,Extraversion,2.1500000000000004,1.0,3.4512499999999933,-1.0,5.75,0.015822740655734805
vintage,Openness,4,trait,Agreeableness,4.9,3.4000000000000004,6.449999999999998,3.0,6.5,0.01952474164395913
vintage,Openness,4,trait,Neuroticism,0.20000000000000004,-1.0,1.45,-3.25,3.0,0.002561786593067724
vintage,Openness,4,trait,Machiavellianism,0.3,-0.9999999999999999,1.6512499999999934,-0.5,2.0,0.003337335696916709
vintage,Openness,4,trait,Narcissism,-0.6000000000000001,-1.4500000000000002,0.25000000000000006,-1.7500000000000002,0.5,-0.0014836199056159737
vintage,Openness,4,trait,Psychopathy,-0.8,-1.8000000000000003,0.20000000000000012,-4.75,2.5,-0.0024972927674428063
vintage,Openness,8,trait,Openness,14.100000000000001,11.74875,16.75,11.0,19.25,0.07472364012179261
vintage,Openness,8,trait,Conscientiousness,-2.6,-3.9,-1.35,-7.5,1.5,-0.021878118379594788
vintage,Openness,8,trait,Extraversion,4.1,2.5000000000000004,5.75,-0.75,7.249999999999999,0.025121888423723787
vintage,Openness,8,trait,Agreeableness,4.6499999999999995,2.95,6.401249999999993,-0.5,7.249999999999999,0.022396406243130197
vintage,Openness,8,trait,Neuroticism,1.6,0.19999999999999996,3.1,-2.0,5.5,0.0008155795388537243
vintage,Openness,8,trait,Machiavellianism,1.8000000000000003,0.34874999999999984,3.35,-2.0,4.5,0.01005479129990077
vintage,Openness,8,trait,Narcissism,-0.4000000000000001,-1.7500000000000002,0.9012499999999933,-2.75,1.25,0.0018390849177867131
vintage,Openness,8,trait,Psychopathy,-1.45,-2.55,-0.44999999999999996,-4.0,0.5,0.0004902069759828692
vintage,Openness,16,trait,Openness,21.2,18.2,24.549999999999997,17.75,23.75,0.1047485402591179
vintage,Openness,16,trait,Conscientiousness,-4.1,-5.65,-2.55,-6.75,0.0,-0.027359973106195878
vintage,Openness,16,trait,Extraversion,7.400000000000001,5.45,9.399999999999999,2.0,14.499999999999998,0.046476012302722226
vintage,Openness,16,trait,Agreeableness,5.15,3.25,7.15,1.7500000000000002,8.75,0.026360350765072454
vintage,Openness,16,trait,Neuroticism,-0.7,-2.6000000000000005,1.2012499999999935,-5.0,2.75,-0.004073228492652979
vintage,Openness,16,trait,Machiavellianism,2.15,0.19999999999999996,4.1,0.75,4.75,0.00878342453416665
vintage,Openness,16,trait,Narcissism,-1.1,-2.8499999999999996,0.5500000000000003,-2.75,0.5,0.0016259237889525637
vintage,Openness,16,trait,Psychopathy,0.25000000000000006,-0.75,1.3,-0.75,1.5,0.005516293774540608
vintage,Openness,32,trait,Openness,27.800000000000004,24.250000000000004,31.601249999999993,23.0,30.5,0.13744541071094776
vintage,Openness,32,trait,Conscientiousness,-5.550000000000001,-7.450000000000001,-3.848750000000007,-9.75,-2.75,-0.036634165264194885
vintage,Openness,32,trait,Extraversion,10.149999999999999,8.05,12.200000000000001,6.75,16.25,0.07588999055231091
vintage,Openness,32,trait,Agreeableness,5.15,2.9000000000000004,7.449999999999999,1.0,9.5,0.028647808371015767
vintage,Openness,32,trait,Neuroticism,-2.5,-4.6,-0.30000000000000004,-5.0,2.25,-0.014783946343756411
vintage,Openness,32,trait,Machiavellianism,4.0,2.05,6.0,1.0,6.5,0.017325693012903546
vintage,Openness,32,trait,Narcissism,0.7,-1.1500000000000004,2.55,-3.0,2.75,0.017662591618611372
vintage,Openness,32,trait,Psychopathy,1.3,-0.09999999999999987,2.8,-0.75,3.25,0.021032724531481826
vintage,Conscientiousness,1,trait,Openness,1.3877787807814457e-17,-1.0000000000000002,1.05,-0.5,0.75,0.0015542672511531374
vintage,Conscientiousness,1,trait,Conscientiousness,4.6,3.35,5.9,0.5,7.249999999999999,0.035683479801114124
vintage,Conscientiousness,1,trait,Extraversion,-1.0500000000000003,-2.0,-0.10000000000000016,-2.25,1.25,-0.007128058657530832
vintage,Conscientiousness,1,trait,Agreeableness,-0.8500000000000001,-1.9000000000000004,0.19999999999999996,-2.25,2.0,-0.0006731811258194984
vintage,Conscientiousness,1,trait,Neuroticism,-0.15000000000000008,-1.35,1.0,-3.0,2.0,0.0021530484556994646
vintage,Conscientiousness,1,trait,Machiavellianism,0.75,-0.3,1.8500000000000003,-3.0,2.75,0.001943931032580251
vintage,Conscientiousness,1,trait,Narcissism,0.14999999999999997,-0.65,0.9000000000000001,-2.75,3.0,0.0005339088082336259
vintage,Conscientiousness,1,trait,Psychopathy,-1.0,-1.8000000000000003,-0.2,-3.5000000000000004,3.5000000000000004,-0.00882873260725116
vintage,Conscientiousness,2,trait,Openness,0.9499999999999998,-0.6000000000000001,2.4999999999999996,-1.0,3.75,0.0005123348058211641
vintage,Conscientiousness,2,trait,Conscientiousness,9.8,7.850000000000001,11.601249999999995,4.0,13.750000000000002,0.07691112495171798
vintage,Conscientiousness,2,trait,Extraversion,-2.6500000000000004,-4.05,-1.2500000000000002,-3.25,-1.7500000000000002,-0.019079774273830723
vintage,Conscientiousness,2,trait,Agreeableness,-0.6,-1.9500000000000004,0.7500000000000001,-3.25,2.0,0.0027526334802444514
vintage,Conscientiousness,2,trait,Neuroticism,0.75,-0.7999999999999998,2.3,-1.7500000000000002,3.5000000000000004,0.00452089668839882
vintage,Conscientiousness,2,trait,Machiavellianism,1.4499999999999997,-0.14999999999999997,3.0500000000000003,-1.0,3.75,0.0032985751268917772
vintage,Conscientiousness,2,trait,Narcissism,0.4,-0.5,1.35,-2.75,3.25,-0.0017210040238119723
vintage,Conscientiousness,2,trait,Psychopathy,-3.7000000000000006,-4.95,-2.55,-8.0,0.75,-0.0251383821899169
vintage,Conscientiousness,4,trait,Openness,0.6,-1.3499999999999996,2.4000000000000004,-2.75,4.25,-0.005697298956370725
vintage,Conscientiousness,4,trait,Conscientiousness,14.600000000000001,12.05,17.200000000000003,11.5,17.25,0.11614046481187248
vintage,Conscientiousness,4,trait,Extraversion,-5.300000000000001,-7.1000000000000005,-3.7000000000000006,-7.249999999999999,-2.25,-0.03314086606268595
vintage,Conscientiousness,4,trait,Agreeableness,0.8500000000000001,-0.8999999999999998,2.7,-2.0,4.5,0.008619944785852625
vintage,Conscientiousness,4,trait,Neuroticism,2.25,0.0500000000000001,4.3999999999999995,0.0,3.5000000000000004,0.011732500328756598
vintage,Conscientiousness,4,trait,Machiavellianism,1.7499999999999998,-1.131039706336877e-16,3.7000000000000006,-2.25,3.25,0.003178114057563055
vintage,Conscientiousness,4,trait,Narcissism,0.15000000000000013,-1.3000000000000003,1.6,-2.5,1.7500000000000002,-0.0022201796045170554
vintage,Conscientiousness,4,trait,Psychopathy,-4.6000000000000005,-6.3,-3.0,-6.75,-1.5,-0.04022940882111376
vintage,Conscientiousness,8,trait,Openness,0.9000000000000001,-1.351250000000001,2.9999999999999996,-1.0,3.5000000000000004,-0.007942583038349035
vintage,Conscientiousness,8,trait,Conscientiousness,20.25,17.09875,23.45,16.25,22.75,0.15641627975022998
vintage,Conscientiousness,8,trait,Extraversion,-5.949999999999999,-8.0,-4.098750000000006,-7.249999999999999,-5.0,-0.041144583822161865
vintage,Conscientiousness,8,trait,Agreeableness,-0.8999999999999999,-3.0999999999999996,1.1500000000000001,-4.25,1.5,0.005486708020394675
vintage,Conscientiousness,8,trait,Neuroticism,3.45,1.05,5.701249999999994,0.5,5.25,0.017424349609817983
vintage,Conscientiousness,8,trait,Machiavellianism,1.7000000000000004,-0.39999999999999986,3.900000000000001,-0.5,4.75,0.005554948898018113
vintage,Conscientiousness,8,trait,Narcissism,1.4500000000000002,0.2,2.8,0.5,2.75,0.0021759566012407193
vintage,Conscientiousness,8,trait,Psychopathy,-5.1,-6.85125,-3.4000000000000004,-7.5,-1.5,-0.048770763006020255
vintage,Conscientiousness,16,trait,Openness,-0.8500000000000002,-3.3999999999999995,1.6499999999999997,-5.0,2.75,-0.015558044352973612
vintage,Conscientiousness,16,trait,Conscientiousness,28.7,24.950000000000003,32.550000000000004,27.750000000000004,29.25,0.2099226253882997
vintage,Conscientiousness,16,trait,Extraversion,-7.1000000000000005,-9.3,-5.000000000000001,-10.5,-4.75,-0.05325033044293761
vintage,Conscientiousness,16,trait,Agreeableness,-0.09999999999999981,-2.75,2.5999999999999996,-3.25,2.75,0.007404477674378824
vintage,Conscientiousness,16,trait,Neuroticism,4.85,2.2000000000000006,7.451249999999994,3.0,6.5,0.02557386201164978
vintage,Conscientiousness,16,trait,Machiavellianism,2.7,0.3500000000000002,5.1,1.25,4.0,0.008046495766604305
vintage,Conscientiousness,16,trait,Narcissism,0.8,-0.8,2.45,-0.5,3.0,0.0033997637238486183
vintage,Conscientiousness,16,trait,Psychopathy,-6.15,-8.45125,-3.8500000000000005,-7.5,-4.25,-0.06519108430501212
vintage,Conscientiousness,32,trait,Openness,-1.7000000000000002,-4.75,1.15,-5.0,3.75,-0.022896589011066594
vintage,Conscientiousness,32,trait,Conscientiousness,33.95,30.048750000000002,37.95,32.0,35.5,0.2479224733255814
vintage,Conscientiousness,32,trait,Extraversion,-10.25,-12.6,-7.850000000000001,-16.0,-6.5,-0.07492573898453297
vintage,Conscientiousness,32,trait,Agreeableness,0.7000000000000001,-2.0500000000000003,3.401249999999993,-1.5,4.5,0.01043046307760754
vintage,Conscientiousness,32,trait,Neuroticism,8.55,5.54875,11.649999999999999,6.25,11.75,0.039102815044524265
vintage,Conscientiousness,32,trait,Machiavellianism,3.0,0.6487499999999996,5.5,1.25,4.25,0.007855329804581347
vintage,Conscientiousness,32,trait,Narcissism,2.2,0.45000000000000007,4.050000000000001,0.75,3.0,-0.0009867141916788523
vintage,Conscientiousness,32,trait,Psychopathy,-6.7,-9.15,-4.300000000000001,-7.249999999999999,-6.0,-0.07608897668036865
vintage,Extraversion,1,trait,Openness,-0.7000000000000001,-1.6,0.25,-3.75,1.7500000000000002,0.001622183580313557
vintage,Extraversion,1,trait,Conscientiousness,-1.2000000000000002,-2.05,-0.35000000000000003,-2.0,-0.25,-0.00864717568282354
vintage,Extraversion,1,trait,Extraversion,1.8500000000000003,0.8500000000000001,2.8,0.0,3.75,0.017527097868546768
vintage,Extraversion,1,trait,Agreeableness,-1.0,-2.05,-0.05,-2.5,1.5,-0.005297286438497868
vintage,Extraversion,1,trait,Neuroticism,-0.7,-1.6,0.15000000000000002,-1.5,-0.25,-0.005595337034675208
vintage,Extraversion,1,trait,Machiavellianism,-0.35000000000000003,-1.2,0.55,-2.75,1.7500000000000002,-0.00029584786025938463
vintage,Extraversion,1,trait,Narcissism,1.15,0.24999999999999997,2.1,0.0,2.75,0.00894118337827998
vintage,Extraversion,1,trait,Psychopathy,1.9500000000000004,1.1500000000000001,2.7500000000000004,0.75,3.75,0.01297885441459183
vintage,Extraversion,2,trait,Openness,2.7755575615628914e-17,-1.0,1.0,-2.5,2.0,0.0031028595769666584
vintage,Extraversion,2,trait,Conscientiousness,-1.8000000000000003,-2.6500000000000004,-1.0,-3.0,0.25,-0.015139904458585556
vintage,Extraversion,2,trait,Extraversion,4.7,3.4987500000000002,6.050000000000001,2.5,8.75,0.03317804364828972
vintage,Extraversion,2,trait,Agreeableness,-0.8500000000000001,-2.0,0.25124999999999326,-6.0,2.5,-0.0034967443584834374
vintage,Extraversion,2,trait,Neuroticism,-2.2,-3.3000000000000003,-1.1500000000000001,-3.25,-1.0,-0.008704826732495593
vintage,Extraversion,2,trait,Machiavellianism,-1.5500000000000003,-2.7,-0.5,-3.5000000000000004,1.25,-0.005014874813175709
vintage,Extraversion,2,trait,Narcissism,1.3000000000000003,0.6,2.1,0.25,3.25,0.010853997564086964
vintage,Extraversion,2,trait,Psychopathy,1.6,0.6500000000000001,2.65,1.25,2.0,0.01651277165634363
vintage,Extraversion,4,trait,Openness,1.4,0.15000000000000002,2.75,0.0,3.5000000000000004,0.013152440809795172
vintage,Extraversion,4,trait,Conscientiousness,-2.0999999999999996,-3.3499999999999996,-0.8999999999999999,-5.0,0.75,-0.022822898241984798
vintage,Extraversion,4,trait,Extraversion,7.200000000000001,5.6000000000000005,8.901249999999996,6.0,8.5,0.049187469528296716
vintage,Extraversion,4,trait,Agreeableness,-1.1,-2.4000000000000004,0.15000000000000005,-5.5,3.25,-0.003867597418275732
vintage,Extraversion,4,trait,Neuroticism,-3.6500000000000004,-5.15,-2.15,-5.75,-2.25,-0.01251080802020123
vintage,Extraversion,4,trait,Machiavellianism,-0.4,-1.6,0.8,-3.0,1.25,-0.002543125674287754
vintage,Extraversion,4,trait,Narcissism,2.25,1.2000000000000002,3.35,1.5,4.0,0.018285449660126095
vintage,Extraversion,4,trait,Psychopathy,2.55,1.55,3.7000000000000006,1.5,4.25,0.027876394650485588
vintage,Extraversion,8,trait,Openness,3.2,1.6500000000000004,4.85,0.75,6.5,0.021357233072195968
vintage,Extraversion,8,trait,Conscientiousness,-4.7,-6.0,-3.4487500000000066,-6.75,-1.7500000000000002,-0.03919329071248844
vintage,Extraversion,8,trait,Extraversion,12.7,10.548750000000002,14.899999999999999,6.5,20.25,0.08165767995481527
vintage,Extraversion,8,trait,Agreeableness,-1.6,-3.201250000000001,0.0,-6.0,2.25,-0.006711574451355098
vintage,Extraversion,8,trait,Neuroticism,-7.000000000000001,-8.9,-5.1987500000000075,-11.5,-2.5,-0.026289854690799377
vintage,Extraversion,8,trait,Machiavellianism,-0.9000000000000001,-2.1,0.2499999999999999,-3.0,0.75,-0.0037434916273110263
vintage,Extraversion,8,trait,Narcissism,2.45,1.2999999999999998,3.75,0.25,4.75,0.02079891635112978
vintage,Extraversion,8,trait,Psychopathy,4.55,3.0500000000000003,6.101249999999994,1.7500000000000002,9.75,0.041696175240783145
vintage,Extraversion,16,trait,Openness,7.400000000000001,5.45,9.450000000000001,6.25,9.5,0.03543939159697184
vintage,Extraversion,16,trait,Conscientiousness,-6.550000000000001,-8.25,-4.848750000000006,-9.5,-3.0,-0.05775384830306527
vintage,Extraversion,16,trait,Extraversion,18.05,15.35,20.701249999999995,13.5,22.75,0.11452830632625652
vintage,Extraversion,16,trait,Agreeableness,-0.9000000000000001,-2.6,0.65,-3.5000000000000004,2.25,0.0016210529535502804
vintage,Extraversion,16,trait,Neuroticism,-5.8,-7.9,-3.6500000000000004,-9.0,-2.5,-0.024274938485278234
vintage,Extraversion,16,trait,Machiavellianism,-0.15000000000000008,-1.7012500000000004,1.55,-2.25,2.5,0.002449928696975669
vintage,Extraversion,16,trait,Narcissism,4.0,2.35,5.75,1.7500000000000002,5.75,0.03336085326717712
vintage,Extraversion,16,trait,Psychopathy,3.35,2.0,4.800000000000001,1.25,6.0,0.04455315941320816
vintage,Extraversion,32,trait,Openness,9.95,7.300000000000001,12.65,7.75,11.25,0.052249147220376824
vintage,Extraversion,32,trait,Conscientiousness,-10.649999999999999,-12.899999999999997,-8.45,-11.75,-9.0,-0.07796130091046491
vintage,Extraversion,32,trait,Extraversion,27.949999999999996,24.698749999999997,31.099999999999994,23.75,31.75,0.1807728009521069
vintage,Extraversion,32,trait,Agreeableness,5.551115123125783e-17,-2.3000000000000003,2.15,-3.25,3.5000000000000004,0.0009022900277249063
vintage,Extraversion,32,trait,Neuroticism,-8.55,-11.3,-5.9987500000000065,-9.5,-7.75,-0.03486976727638219
vintage,Extraversion,32,trait,Machiavellianism,-0.5999999999999999,-2.45,1.2999999999999998,-3.5000000000000004,2.0,0.0012907018486847783
vintage,Extraversion,32,trait,Narcissism,5.0,2.9987500000000002,7.001249999999995,1.0,9.25,0.03838009105340695
vintage,Extraversion,32,trait,Psychopathy,6.25,4.300000000000001,8.35,4.75,7.75,0.06523028437460394
vintage,Agreeableness,1,trait,Openness,0.9000000000000001,-0.04999999999999983,1.8499999999999999,-1.7500000000000002,4.75,0.004990531468572256
vintage,Agreeableness,1,trait,Conscientiousness,-1.9500000000000004,-3.0500000000000007,-0.9000000000000001,-4.5,1.5,-0.010074961869715085
vintage,Agreeableness,1,trait,Extraversion,1.05,0.2,2.0,-0.75,3.75,0.008749366317404073
vintage,Agreeableness,1,trait,Agreeableness,4.15,2.8987499999999997,5.550000000000001,0.75,8.0,0.025036986120077515
vintage,Agreeableness,1,trait,Neuroticism,-0.29999999999999993,-1.3512500000000003,0.7,-5.0,3.75,0.0023366892232693755
vintage,Agreeableness,1,trait,Machiavellianism,-1.5,-2.8,-0.29999999999999993,-3.0,0.0,-0.007988796528512521
vintage,Agreeableness,1,trait,Narcissism,-1.9,-2.95,-0.9000000000000001,-3.75,0.75,-0.011532921955402686
vintage,Agreeableness,1,trait,Psychopathy,-1.6500000000000001,-2.75,-0.6487500000000067,-3.5000000000000004,0.5,-0.008700208512136112
vintage,Agreeableness,2,trait,Openness,2.8,1.25,4.2512499999999935,0.0,7.249999999999999,0.013802807775875708
vintage,Agreeableness,2,trait,Conscientiousness,-1.2999999999999998,-2.50125,-0.20000000000000004,-2.5,0.75,-0.011985021346938803
vintage,Agreeableness,2,trait,Extraversion,0.35,-0.7000000000000001,1.4012499999999932,-0.75,3.0,0.0074293733136908836
vintage,Agreeableness,2,trait,Agreeableness,9.0,7.15,11.0,7.75,10.0,0.04053104599656794
vintage,Agreeableness,2,trait,Neuroticism,1.7500000000000002,0.2999999999999998,3.3000000000000003,-2.5,3.75,0.010598538405904589
vintage,Agreeableness,2,trait,Machiavellianism,-0.6000000000000001,-2.0,0.8500000000000001,-2.5,0.5,-0.004405180528863482
vintage,Agreeableness,2,trait,Narcissism,-1.3,-2.45,-0.09999999999999987,-3.75,1.0,-0.012186629052653077
vintage,Agreeableness,2,trait,Psychopathy,-3.6000000000000005,-5.050000000000001,-2.3,-7.5,0.0,-0.017273259427354762
vintage,Agreeableness,4,trait,Openness,4.15,2.54875,5.8,2.0,5.25,0.021674528759210186
vintage,Agreeableness,4,trait,Conscientiousness,-3.85,-5.5,-2.2987500000000067,-5.5,0.75,-0.03266202873873006
vintage,Agreeableness,4,trait,Extraversion,1.25,0.30000000000000004,2.3,0.25,2.25,0.011229315706234661
vintage,Agreeableness,4,trait,Agreeableness,10.600000000000001,8.498750000000001,12.899999999999997,8.0,13.5,0.05669061294182401
vintage,Agreeableness,4,trait,Neuroticism,4.3500000000000005,2.64875,6.25,3.25,6.75,0.01584400090017185
vintage,Agreeableness,4,trait,Machiavellianism,-2.0,-3.45,-0.4500000000000001,-3.25,-0.75,-0.007354079363313477
vintage,Agreeableness,4,trait,Narcissism,-3.0500000000000003,-4.5,-1.7500000000000002,-5.25,-2.25,-0.02132763176331224
vintage,Agreeableness,4,trait,Psychopathy,-2.0,-3.50125,-0.55,-3.0,-0.75,-0.015324977660169842
vintage,Agreeableness,8,trait,Openness,4.95,3.1000000000000005,6.75,3.5000000000000004,6.25,0.025602157824782215
vintage,Agreeableness,8,trait,Conscientiousness,0.39999999999999986,-1.05,1.9500000000000004,-0.5,1.5,-0.006352828673616034
vintage,Agreeableness,8,trait,Extraversion,0.30000000000000016,-1.05,1.6500000000000001,-1.5,3.25,0.004115965742012104
vintage,Agreeableness,8,trait,Agreeableness,13.200000000000001,10.8,15.650000000000002,11.5,15.5,0.07696606783217413
vintage,Agreeableness,8,trait,Neuroticism,5.1,3.2,7.1,2.75,6.75,0.02097456710827682
vintage,Agreeableness,8,trait,Machiavellianism,-2.75,-4.5,-1.05,-4.75,-1.7500000000000002,-0.010478841648654367
vintage,Agreeableness,8,trait,Narcissism,-3.25,-4.95,-1.55,-7.249999999999999,-1.5,-0.027399467089283983
vintage,Agreeableness,8,trait,Psychopathy,-4.85,-6.699999999999999,-3.2,-7.000000000000001,-1.7500000000000002,-0.03297646425999513
vintage,Agreeableness,16,trait,Openness,7.000000000000001,5.050000000000001,9.05,5.75,8.75,0.03571186219419706
vintage,Agreeableness,16,trait,Conscientiousness,0.04999999999999983,-1.8999999999999997,1.9000000000000004,-0.75,1.5,-0.005157127409562622
vintage,Agreeableness,16,trait,Extraversion,2.3000000000000003,0.6487499999999997,4.0,0.75,4.5,0.01627409476470715
vintage,Agreeableness,16,trait,Agreeableness,17.400000000000002,14.6,20.200000000000003,15.25,21.5,0.1054268061515578
vintage,Agreeableness,16,trait,Neuroticism,5.700000000000001,3.900000000000001,7.75,3.5000000000000004,8.25,0.02323862095083074
vintage,Agreeableness,16,trait,Machiavellianism,-4.050000000000001,-5.949999999999999,-2.1500000000000004,-7.249999999999999,-2.75,-0.01733508179551353
vintage,Agreeableness,16,trait,Narcissism,-5.9,-7.850000000000001,-4.1000000000000005,-9.25,-4.5,-0.03692281486958675
vintage,Agreeableness,16,trait,Psychopathy,-4.550000000000001,-6.35125,-2.9000000000000004,-5.75,-2.75,-0.042227991663555856
vintage,Agreeableness,32,trait,Openness,8.3,6.05,10.700000000000001,5.5,10.5,0.03972306810423526
vintage,Agreeableness,32,trait,Conscientiousness,0.6500000000000001,-1.2012500000000002,2.45,-1.5,3.75,0.014888281536728934
vintage,Agreeableness,32,trait,Extraversion,3.95,2.1,5.800000000000001,2.25,6.75,0.02303772695317885
vintage,Agreeableness,32,trait,Agreeableness,21.3,18.15,24.45,17.5,27.250000000000004,0.1274514577104708
vintage,Agreeableness,32,trait,Neuroticism,4.2,2.1,6.5,-0.75,7.249999999999999,0.02061673243724102
vintage,Agreeableness,32,trait,Machiavellianism,-3.0999999999999996,-5.200000000000001,-1.048750000000007,-3.75,-2.25,-0.022326339103908133
vintage,Agreeableness,32,trait,Narcissism,-4.7,-6.4,-3.0,-6.75,-2.75,-0.04280488618932862
vintage,Agreeableness,32,trait,Psychopathy,-3.25,-4.949999999999999,-1.6,-5.5,0.5,-0.041242147530038714
vintage,Neuroticism,1,trait,Openness,-1.25,-2.3,-0.25000000000000006,-2.25,-0.25,-0.0052510741560377674
vintage,Neuroticism,1,trait,Conscientiousness,1.05,0.15000000000000013,2.0,-1.0,4.25,0.005458664670205158
vintage,Neuroticism,1,trait,Extraversion,-1.4500000000000002,-2.5,-0.5000000000000001,-4.0,0.25,-0.012489750172360465
vintage,Neuroticism,1,trait,Agreeableness,0.75,-0.45000000000000007,2.0500000000000003,-2.0,4.0,0.0034061128619274645
vintage,Neuroticism,1,trait,Neuroticism,5.45,3.95,6.950000000000001,1.5,10.25,0.0317746920485552
vintage,Neuroticism,1,trait,Machiavellianism,1.3499999999999999,-0.04999999999999993,2.8,-1.5,3.75,0.008162426506806137
vintage,Neuroticism,1,trait,Narcissism,0.75,-0.050000000000000155,1.55,0.25,1.25,0.003928134716744768
vintage,Neuroticism,1,trait,Psychopathy,-1.1102230246251565e-16,-0.95,0.9999999999999997,-2.75,1.5,-0.003359256077565377
vintage,Neuroticism,2,trait,Openness,-1.5,-2.9,-0.09999999999999998,-5.25,2.25,-0.004911067560064661
vintage,Neuroticism,2,trait,Conscientiousness,0.5,-0.6499999999999999,1.6,-4.75,5.75,0.005413171668435842
vintage,Neuroticism,2,trait,Extraversion,-2.9,-4.1000000000000005,-1.7500000000000004,-5.0,-0.5,-0.01673186454914989
vintage,Neuroticism,2,trait,Agreeableness,2.65,1.2000000000000002,4.25,-2.0,5.25,0.013542168739012959
vintage,Neuroticism,2,trait,Neuroticism,10.4,8.350000000000001,12.7,6.5,14.75,0.05575978106818541
vintage,Neuroticism,2,trait,Machiavellianism,0.3499999999999999,-0.95125,1.7500000000000002,-1.0,1.7500000000000002,0.007702563291662856
vintage,Neuroticism,2,trait,Narcissism,0.8500000000000001,-0.1500000000000001,1.8000000000000003,-1.0,2.5,0.001988878946490988
vintage,Neuroticism,2,trait,Psychopathy,-0.5,-1.8000000000000003,0.8012499999999935,-3.75,3.0,-0.007544647561674045
vintage,Neuroticism,4,trait,Openness,1.1102230246251565e-16,-1.4999999999999998,1.4012499999999934,-2.75,1.7500000000000002,-0.002974164256950135
vintage,Neuroticism,4,trait,Conscientiousness,2.9000000000000004,1.6,4.25,-4.5,7.249999999999999,0.018860954433123866
vintage,Neuroticism,4,trait,Extraversion,-2.6,-3.8500000000000005,-1.4500000000000002,-6.5,-0.25,-0.017757280071074723
vintage,Neuroticism,4,trait,Agreeableness,2.5,0.95,4.1000000000000005,-4.5,9.25,0.017139561418987755
vintage,Neuroticism,4,trait,Neuroticism,17.6,14.950000000000003,20.049999999999997,9.25,21.0,0.08490423385448526
vintage,Neuroticism,4,trait,Machiavellianism,1.05,-0.25000000000000006,2.4512499999999933,-1.0,2.5,0.006421547921315287
vintage,Neuroticism,4,trait,Narcissism,0.3500000000000001,-0.8999999999999999,1.5500000000000003,-0.75,1.5,0.0031603353634674257
vintage,Neuroticism,4,trait,Psychopathy,-0.9999999999999999,-2.2512499999999998,0.20000000000000004,-4.25,3.0,-0.009018610566452473
vintage,Neuroticism,8,trait,Openness,-0.8499999999999999,-2.75,0.9500000000000002,-2.75,4.25,-0.006667063358999924
vintage,Neuroticism,8,trait,Conscientiousness,4.200000000000001,2.45,5.9,-2.25,10.0,0.025995155832372968
vintage,Neuroticism,8,trait,Extraversion,-2.5500000000000003,-3.9500000000000006,-1.2500000000000002,-9.5,0.5,-0.02765973658717029
vintage,Neuroticism,8,trait,Agreeableness,3.15,1.0000000000000004,5.35,0.5,5.5,0.01897080752660314
vintage,Neuroticism,8,trait,Neuroticism,26.700000000000003,23.5,30.099999999999998,21.5,30.5,0.129682222838177
vintage,Neuroticism,8,trait,Machiavellianism,3.35,1.6500000000000001,5.15,1.7500000000000002,4.75,0.013801373707308448
vintage,Neuroticism,8,trait,Narcissism,0.8,-0.5999999999999999,2.1,-0.5,1.7500000000000002,0.0038831417092829936
vintage,Neuroticism,8,trait,Psychopathy,-1.0,-2.3500000000000005,0.35000000000000014,-4.25,1.25,-0.014082441530570691
vintage,Neuroticism,16,trait,Openness,-3.5000000000000004,-5.8,-1.1999999999999997,-5.75,-2.5,-0.019361143063127723
vintage,Neuroticism,16,trait,Conscientiousness,6.550000000000001,4.65,8.549999999999999,3.0,10.75,0.039787794337116385
vintage,Neuroticism,16,trait,Extraversion,-5.9,-7.95,-4.050000000000001,-7.75,-3.75,-0.04966690674070355
vintage,Neuroticism,16,trait,Agreeableness,1.7500000000000002,-0.5499999999999996,4.0,-0.25,3.0,0.014300349363217755
vintage,Neuroticism,16,trait,Neuroticism,34.800000000000004,31.200000000000006,38.5,33.0,37.0,0.17459726397408487
vintage,Neuroticism,16,trait,Machiavellianism,5.85,3.900000000000001,7.951249999999995,3.5000000000000004,7.5,0.02338285591247407
vintage,Neuroticism,16,trait,Narcissism,1.6500000000000001,-0.09999999999999987,3.25,0.25,3.0,0.0033759246324080584
vintage,Neuroticism,16,trait,Psychopathy,-1.1500000000000001,-2.6999999999999997,0.49999999999999994,-3.0,0.5,-0.018804619375443362
vintage,Neuroticism,32,trait,Openness,-5.0,-7.65125,-2.2487500000000065,-7.5,-1.5,-0.02537926549930198
vintage,Neuroticism,32,trait,Conscientiousness,7.450000000000001,5.200000000000001,9.651249999999994,3.75,11.75,0.046887659636787225
vintage,Neuroticism,32,trait,Extraversion,-6.65,-8.55,-4.750000000000001,-9.0,-4.5,-0.05519707285813726
vintage,Neuroticism,32,trait,Agreeableness,0.8499999999999998,-1.2999999999999998,2.9499999999999997,-0.25,2.5,0.0134572508423147
vintage,Neuroticism,32,trait,Neuroticism,41.95,38.3,45.8,36.5,45.25,0.21638491421965397
vintage,Neuroticism,32,trait,Machiavellianism,7.350000000000001,5.45,9.45,5.5,9.0,0.03349288069764409
vintage,Neuroticism,32,trait,Narcissism,3.25,1.4500000000000002,5.1499999999999995,1.5,4.25,0.011286413274580003
vintage,Neuroticism,32,trait,Psychopathy,-0.65,-2.0012499999999998,0.7499999999999999,-2.0,0.75,-0.011757884815994464
vintage,Machiavellianism,1,trait,Openness,1.05,0.14999999999999997,1.9500000000000004,-1.25,2.75,0.0017639507334122088
vintage,Machiavellianism,1,trait,Conscientiousness,-0.10000000000000009,-0.9000000000000001,0.7,-1.5,1.25,-0.0030522702327008162
vintage,Machiavellianism,1,trait,Extraversion,0.65,-0.15000000000000005,1.5,-0.25,2.5,0.004630159520441903
vintage,Machiavellianism,1,trait,Agreeableness,-0.8,-1.8000000000000003,0.15000000000000002,-3.25,1.7500000000000002,-0.0031887562210311353
vintage,Machiavellianism,1,trait,Neuroticism,0.8,-0.04999999999999999,1.6500000000000001,-0.5,2.0,0.006180593375731715
vintage,Machiavellianism,1,trait,Machiavellianism,3.4999999999999996,2.3500000000000005,4.700000000000001,2.0,5.25,0.016811252931686275
vintage,Machiavellianism,1,trait,Narcissism,0.75,-0.04999999999999999,1.5499999999999998,-0.5,2.25,0.00971400519366354
vintage,Machiavellianism,1,trait,Psychopathy,1.55,0.8,2.4,0.5,3.5000000000000004,0.013759580182651427
vintage,Machiavellianism,2,trait,Openness,0.5,-0.5500000000000002,1.7000000000000002,-2.25,2.5,0.004617635312420508
vintage,Machiavellianism,2,trait,Conscientiousness,-1.35,-2.1500000000000004,-0.5487500000000067,-4.25,0.5,-0.015085199858228433
vintage,Machiavellianism,2,trait,Extraversion,1.35,0.4000000000000002,2.3,-0.25,3.25,0.006398304746096375
vintage,Machiavellianism,2,trait,Agreeableness,-0.19999999999999996,-1.5499999999999998,1.1012499999999934,-1.25,0.75,-0.004627159196118427
vintage,Machiavellianism,2,trait,Neuroticism,1.2,0.10000000000000002,2.2500000000000004,-1.7500000000000002,3.5000000000000004,0.007690644662288015
vintage,Machiavellianism,2,trait,Machiavellianism,7.85,6.24875,9.6,3.5000000000000004,11.0,0.035917011698361714
vintage,Machiavellianism,2,trait,Narcissism,4.450000000000001,3.0500000000000003,5.949999999999999,2.0,7.249999999999999,0.0247199127796351
vintage,Machiavellianism,2,trait,Psychopathy,4.6,3.3000000000000003,5.95,1.0,7.249999999999999,0.030715446491903782
vintage,Machiavellianism,4,trait,Openness,-0.45000000000000007,-1.6500000000000001,0.8012499999999932,-2.25,0.75,0.003857934231010614
vintage,Machiavellianism,4,trait,Conscientiousness,-1.1500000000000001,-2.0,-0.35,-6.25,1.7500000000000002,-0.009467994535352459
vintage,Machiavellianism,4,trait,Extraversion,0.5500000000000002,-0.80125,1.8000000000000003,-2.0,3.25,-0.00017325891588574596
vintage,Machiavellianism,4,trait,Agreeableness,0.4,-0.80125,1.6500000000000001,-2.5,3.0,0.0003727379138138763
vintage,Machiavellianism,4,trait,Neuroticism,3.45,2.3499999999999996,4.601249999999994,-0.25,5.75,0.014265123029842555
vintage,Machiavellianism,4,trait,Machiavellianism,11.0,9.05,12.950000000000001,8.25,13.0,0.051683379320455615
vintage,Machiavellianism,4,trait,Narcissism,3.6500000000000004,2.2,5.1000000000000005,1.7500000000000002,6.5,0.03072660427499154
vintage,Machiavellianism,4,trait,Psychopathy,3.15,1.9000000000000004,4.45,1.7500000000000002,6.0,0.028263624016274313
vintage,Machiavellianism,8,trait,Openness,-0.3,-1.5,0.9000000000000001,-2.75,2.25,0.003418669242286585
vintage,Machiavellianism,8,trait,Conscientiousness,1.05,-0.25,2.35,0.25,2.25,0.009899670237225107
vintage,Machiavellianism,8,trait,Extraversion,0.35,-0.6999999999999998,1.4,-1.0,2.0,-0.005499787460517557
vintage,Machiavellianism,8,trait,Agreeableness,0.6499999999999999,-0.8499999999999999,2.2,-5.25,7.5,0.0013664384052808202
vintage,Machiavellianism,8,trait,Neuroticism,5.300000000000001,3.6987500000000004,7.049999999999999,2.25,9.25,0.024769697744568785
vintage,Machiavellianism,8,trait,Machiavellianism,16.450000000000003,14.05,18.95,12.25,20.25,0.0825755677026183
vintage,Machiavellianism,8,trait,Narcissism,8.6,6.648749999999999,10.649999999999999,3.75,15.25,0.0581898542252025
vintage,Machiavellianism,8,trait,Psychopathy,3.55,2.25,5.0,2.25,5.0,0.029660255946170885
vintage,Machiavellianism,16,trait,Openness,2.6500000000000004,1.2000000000000002,4.15,0.75,4.75,0.013323219239344444
vintage,Machiavellianism,16,trait,Conscientiousness,1.2,-0.2999999999999998,2.75,-1.7500000000000002,5.25,0.01303928700259832
vintage,Machiavellianism,16,trait,Extraversion,0.050000000000000204,-1.4,1.4512499999999937,-1.25,2.25,-0.004489575562940075
vintage,Machiavellianism,16,trait,Agreeableness,0.8500000000000001,-0.7500000000000002,2.45,-0.75,4.25,0.001967439694096481
vintage,Machiavellianism,16,trait,Neuroticism,5.699999999999999,4.0,7.5,3.75,7.249999999999999,0.025917683040507136
vintage,Machiavellianism,16,trait,Machiavellianism,23.6,20.448749999999997,27.05,19.0,27.250000000000004,0.11401078770511262
vintage,Machiavellianism,16,trait,Narcissism,12.3,9.8,14.951249999999996,10.0,15.5,0.0739882628775917
vintage,Machiavellianism,16,trait,Psychopathy,3.45,1.8987500000000002,5.1,1.0,4.5,0.03520020090627304
vintage,Machiavellianism,32,trait,Openness,1.55,-0.2500000000000001,3.4499999999999997,0.25,2.25,0.012140036350222278
vintage,Machiavellianism,32,trait,Conscientiousness,2.3000000000000003,0.74875,3.8500000000000005,-1.5,4.5,0.020762475881327357
vintage,Machiavellianism,32,trait,Extraversion,0.10000000000000012,-1.4500000000000002,1.6999999999999997,-3.25,4.75,-0.008004558312528286
vintage,Machiavellianism,32,trait,Agreeableness,1.8499999999999999,0.050000000000000044,3.7000000000000006,0.0,5.5,0.007547600692548071
vintage,Machiavellianism,32,trait,Neuroticism,8.3,6.2,10.499999999999998,7.249999999999999,11.0,0.038865390806377624
vintage,Machiavellianism,32,trait,Machiavellianism,27.399999999999995,23.849999999999998,31.300000000000004,23.0,30.0,0.14014826396429175
vintage,Machiavellianism,32,trait,Narcissism,16.25,13.29875,19.199999999999996,12.0,19.25,0.09720520272327526
vintage,Machiavellianism,32,trait,Psychopathy,4.800000000000001,2.9499999999999997,6.6000000000000005,3.25,7.000000000000001,0.03883779596587777
vintage,Narcissism,1,trait,Openness,-1.2000000000000002,-2.2,-0.19999999999999996,-2.75,0.75,-0.0030168703424548037
vintage,Narcissism,1,trait,Conscientiousness,-0.95,-1.8500000000000003,-0.15000000000000002,-4.75,3.0,-0.012205295561800122
vintage,Narcissism,1,trait,Extraversion,1.45,0.44999999999999996,2.55,-2.0,3.5000000000000004,0.012192846832494695
vintage,Narcissism,1,trait,Agreeableness,-1.8000000000000003,-3.15,-0.55,-4.25,0.5,-0.011121020054138902
vintage,Narcissism,1,trait,Neuroticism,-0.7,-1.7512500000000004,0.3012499999999934,-2.25,1.5,-0.0022542950035887017
vintage,Narcissism,1,trait,Machiavellianism,1.8000000000000003,0.65,2.9500000000000006,-0.25,3.5000000000000004,0.008030683135099735
vintage,Narcissism,1,trait,Narcissism,3.75,2.4987500000000002,5.1,1.0,5.75,0.026479400110514736
vintage,Narcissism,1,trait,Psychopathy,3.3000000000000003,2.25,4.4,0.25,5.75,0.026399976023708138
vintage,Narcissism,2,trait,Openness,-2.1,-3.3000000000000007,-0.8500000000000001,-5.75,1.25,-0.0027141892522406486
vintage,Narcissism,2,trait,Conscientiousness,0.4,-0.65,1.4000000000000001,-8.0,3.75,-0.004739454563362326
vintage,Narcissism,2,trait,Extraversion,0.4,-1.0,1.7500000000000002,-0.75,3.0,0.005481422688053799
vintage,Narcissism,2,trait,Agreeableness,-3.95,-5.449999999999999,-2.55,-7.249999999999999,2.0,-0.020033847846547666
vintage,Narcissism,2,trait,Neuroticism,0.49999999999999994,-0.7,1.7500000000000002,-2.5,2.75,-2.186421914662284e-05
vintage,Narcissism,2,trait,Machiavellianism,4.7,3.15,6.3,3.0,7.249999999999999,0.019067816867162496
vintage,Narcissism,2,trait,Narcissism,6.6000000000000005,5.09875,8.100000000000001,2.75,13.5,0.0438489922696275
vintage,Narcissism,2,trait,Psychopathy,3.45,2.4,4.65,-2.75,7.5,0.029349029080106684
vintage,Narcissism,4,trait,Openness,-1.6500000000000001,-3.0500000000000003,-0.3500000000000004,-6.75,2.0,-0.0010202603615259078
vintage,Narcissism,4,trait,Conscientiousness,-0.09999999999999992,-1.1500000000000001,0.9500000000000002,-3.25,1.7500000000000002,-0.003286335471413729
vintage,Narcissism,4,trait,Extraversion,0.9500000000000002,-0.2999999999999999,2.15,-1.5,2.5,0.008768770160238555
vintage,Narcissism,4,trait,Agreeableness,-5.55,-7.25125,-3.900000000000001,-8.0,-2.25,-0.025071474594015975
vintage,Narcissism,4,trait,Neuroticism,0.19999999999999993,-1.2000000000000002,1.6500000000000001,-3.25,3.75,-0.001968823289364553
vintage,Narcissism,4,trait,Machiavellianism,6.4,4.6,8.25,4.25,8.5,0.02768716598958658
vintage,Narcissism,4,trait,Narcissism,8.600000000000001,6.75,10.600000000000001,4.5,13.5,0.05827827163518789
vintage,Narcissism,4,trait,Psychopathy,4.3500000000000005,3.05,5.75,0.5,7.249999999999999,0.038259750782349784
vintage,Narcissism,8,trait,Openness,-2.0000000000000004,-3.5000000000000004,-0.55,-5.25,1.0,-0.0008508219320023024
vintage,Narcissism,8,trait,Conscientiousness,-0.20000000000000004,-1.35,0.9500000000000002,-2.5,2.5,-0.0035814122842329175
vintage,Narcissism,8,trait,Extraversion,2.55,1.04875,4.1499999999999995,-0.25,6.25,0.014627906020906972
vintage,Narcissism,8,trait,Agreeableness,-6.45,-7.950000000000001,-4.95,-7.5,-5.25,-0.032973145210487616
vintage,Narcissism,8,trait,Neuroticism,-0.29999999999999993,-1.8500000000000003,1.1999999999999997,-2.75,2.0,-0.00039019977704890426
vintage,Narcissism,8,trait,Machiavellianism,9.0,6.898750000000001,11.251249999999995,7.000000000000001,13.25,0.04299185082037984
vintage,Narcissism,8,trait,Narcissism,15.45,12.85,18.101249999999997,13.5,18.75,0.09300363015810519
vintage,Narcissism,8,trait,Psychopathy,6.2,4.6000000000000005,7.9,2.25,9.0,0.05425438744429363
vintage,Narcissism,16,trait,Openness,-2.2,-3.900000000000001,-0.5999999999999999,-4.0,-0.25,-0.00045126489593681177
vintage,Narcissism,16,trait,Conscientiousness,-1.55,-3.05,-0.1499999999999999,-3.5000000000000004,0.0,-0.013913436114063567
vintage,Narcissism,16,trait,Extraversion,3.900000000000001,2.45,5.3999999999999995,-2.0,13.25,0.027468818160302416
vintage,Narcissism,16,trait,Agreeableness,-8.7,-10.7,-6.7,-12.5,-2.25,-0.04479221616589036
vintage,Narcissism,16,trait,Neuroticism,-0.6000000000000001,-2.5,1.1500000000000001,-8.25,3.75,-0.0013953065725105793
vintage,Narcissism,16,trait,Machiavellianism,11.3,8.750000000000002,14.049999999999999,9.25,13.5,0.05236681316028076
vintage,Narcissism,16,trait,Narcissism,23.35,20.1,26.75,21.75,25.0,0.12372758240140584
vintage,Narcissism,16,trait,Psychopathy,9.0,6.950000000000001,11.2,4.5,15.5,0.08464362264513788
vintage,Narcissism,32,trait,Openness,-0.5000000000000002,-2.40125,1.4,-2.25,2.0,0.002506582010401681
vintage,Narcissism,32,trait,Conscientiousness,-1.3,-2.6999999999999997,0.10000000000000002,-2.25,-0.75,-0.014834863711163377
vintage,Narcissism,32,trait,Extraversion,4.1000000000000005,2.35,5.951249999999994,0.75,10.5,0.02443498009103855
vintage,Narcissism,32,trait,Agreeableness,-9.05,-11.351250000000002,-6.898750000000006,-12.0,-6.25,-0.04936185772616304
vintage,Narcissism,32,trait,Neuroticism,1.05,-1.0,3.0000000000000004,-4.5,6.5,0.0031754294885461853
vintage,Narcissism,32,trait,Machiavellianism,13.4,10.600000000000001,16.549999999999997,12.0,15.75,0.06597653990563962
vintage,Narcissism,32,trait,Narcissism,27.3,23.900000000000006,30.701249999999998,25.5,28.999999999999996,0.14509404707749884
vintage,Narcissism,32,trait,Psychopathy,7.449999999999999,5.550000000000001,9.451249999999996,4.5,10.75,0.08291824500092748
vintage,Psychopathy,1,trait,Openness,-0.8500000000000001,-2.05,0.35,-1.7500000000000002,1.0,-0.0012481423495285227
vintage,Psychopathy,1,trait,Conscientiousness,4.163336342344337e-17,-0.9500000000000002,0.9000000000000001,-2.5,2.0,-0.007776224501350924
vintage,Psychopathy,1,trait,Extraversion,1.6,0.5,2.7500000000000004,0.0,2.75,0.004762336221749829
vintage,Psychopathy,1,trait,Agreeableness,-0.8500000000000001,-2.1512500000000006,0.45000000000000007,-3.5000000000000004,1.5,-0.004835407183584335
vintage,Psychopathy,1,trait,Neuroticism,1.1500000000000001,-0.25,2.55,-3.0,3.25,0.008514806429908936
vintage,Psychopathy,1,trait,Machiavellianism,5.15,3.6500000000000004,6.651249999999995,3.0,8.25,0.023695993253788145
vintage,Psychopathy,1,trait,Narcissism,3.15,1.8500000000000003,4.449999999999999,0.25,6.0,0.024829968953649827
vintage,Psychopathy,1,trait,Psychopathy,6.950000000000001,5.4,8.651249999999996,5.75,8.75,0.05548111452236503
vintage,Psychopathy,2,trait,Openness,-0.6000000000000001,-1.7500000000000002,0.5012499999999933,-2.5,1.7500000000000002,0.0005585427627285475
vintage,Psychopathy,2,trait,Conscientiousness,-3.4000000000000004,-4.65,-2.1,-7.249999999999999,-0.75,-0.024649422452071624
vintage,Psychopathy,2,trait,Extraversion,2.45,1.2987499999999998,3.65,1.25,3.25,0.0102071360551123
vintage,Psychopathy,2,trait,Agreeableness,-2.45,-4.0,-1.0,-6.25,-0.25,-0.013319283805236289
vintage,Psychopathy,2,trait,Neuroticism,0.19999999999999993,-1.1000000000000003,1.6,-3.25,2.0,0.005328252437167007
vintage,Psychopathy,2,trait,Machiavellianism,7.449999999999999,5.800000000000001,9.2,6.75,8.0,0.03580762290886313
vintage,Psychopathy,2,trait,Narcissism,5.65,4.0,7.249999999999999,1.5,7.5,0.03663751767559032
vintage,Psychopathy,2,trait,Psychopathy,13.8,11.55,16.15,9.75,19.0,0.10007871010786017
vintage,Psychopathy,4,trait,Openness,-0.95,-2.8,0.8,-2.75,1.5,0.0011881454113740408
vintage,Psychopathy,4,trait,Conscientiousness,-6.35,-8.25,-4.4,-8.5,-3.25,-0.046536552734219576
vintage,Psychopathy,4,trait,Extraversion,4.35,2.5,6.301249999999993,3.5000000000000004,5.5,0.023908834118402007
vintage,Psychopathy,4,trait,Agreeableness,-4.3,-6.550000000000001,-2.1987500000000066,-6.25,-0.75,-0.02213768845989187
vintage,Psychopathy,4,trait,Neuroticism,-0.8500000000000001,-2.8499999999999996,1.15,-2.5,1.0,0.003472028256797795
vintage,Psychopathy,4,trait,Machiavellianism,9.75,7.400000000000001,12.1,8.5,12.25,0.04616489859475625
vintage,Psychopathy,4,trait,Narcissism,9.25,7.250000000000003,11.3,6.75,12.75,0.06088991430954512
vintage,Psychopathy,4,trait,Psychopathy,21.55,18.6,24.65,18.5,25.25,0.1643573392948661
vintage,Psychopathy,8,trait,Openness,-1.35,-3.6000000000000005,0.8500000000000001,-3.5000000000000004,-0.25,0.004384611462656331
vintage,Psychopathy,8,trait,Conscientiousness,-8.45,-10.651250000000003,-6.348750000000007,-11.25,-5.0,-0.06598014593584772
vintage,Psychopathy,8,trait,Extraversion,5.199999999999999,3.2,7.300000000000001,4.25,6.0,0.037133771097879416
vintage,Psychopathy,8,trait,Agreeableness,-5.7,-8.2,-3.4499999999999997,-9.5,-2.0,-0.025897997121197048
vintage,Psychopathy,8,trait,Neuroticism,-2.3,-4.8,0.1012499999999934,-4.75,0.5,-0.0038003980487301393
vintage,Psychopathy,8,trait,Machiavellianism,10.900000000000002,8.498750000000001,13.449999999999998,9.5,12.75,0.05218770992413137
vintage,Psychopathy,8,trait,Narcissism,8.75,6.550000000000001,11.0,6.5,11.75,0.0677882929756054
vintage,Psychopathy,8,trait,Psychopathy,31.35,27.85,35.10125,27.0,34.5,0.23456413794295297
vintage,Psychopathy,16,trait,Openness,-0.8999999999999999,-3.15125,1.2999999999999998,-3.0,1.5,0.005925785044851553
vintage,Psychopathy,16,trait,Conscientiousness,-8.7,-11.0,-6.600000000000001,-11.25,-6.5,-0.06809522021518928
vintage,Psychopathy,16,trait,Extraversion,5.25,3.15,7.450000000000001,1.25,8.5,0.04356504147085585
vintage,Psychopathy,16,trait,Agreeableness,-7.6499999999999995,-10.3,-5.050000000000001,-9.5,-4.5,-0.037106307292283376
vintage,Psychopathy,16,trait,Neuroticism,-2.2499999999999996,-4.8999999999999995,0.39999999999999986,-3.5000000000000004,-1.5,-0.004370876188962941
vintage,Psychopathy,16,trait,Machiavellianism,13.449999999999998,10.74875,16.25,12.0,15.5,0.06589962183182897
vintage,Psychopathy,16,trait,Narcissism,9.5,7.1,12.149999999999999,7.249999999999999,12.25,0.07426800533119393
vintage,Psychopathy,16,trait,Psychopathy,39.25,35.4,43.2,34.75,43.0,0.29227864327045866
vintage,Psychopathy,32,trait,Openness,0.2500000000000001,-1.9512500000000002,2.5,-1.7500000000000002,1.7500000000000002,0.0064390061575391256
vintage,Psychopathy,32,trait,Conscientiousness,-7.750000000000002,-10.100000000000001,-5.498750000000007,-9.75,-5.75,-0.06514284722614377
vintage,Psychopathy,32,trait,Extraversion,5.75,3.7500000000000004,7.9,2.0,8.25,0.04301707794361982
vintage,Psychopathy,32,trait,Agreeableness,-7.050000000000001,-9.901250000000001,-4.250000000000001,-8.5,-4.5,-0.04066374875613835
vintage,Psychopathy,32,trait,Neuroticism,-1.35,-4.1499999999999995,1.3512499999999932,-1.7500000000000002,-0.75,0.001911478379203861
vintage,Psychopathy,32,trait,Machiavellianism,14.3,11.55,17.200000000000003,13.0,17.5,0.07707285884702503
vintage,Psychopathy,32,trait,Narcissism,11.65,9.1,14.299999999999999,9.0,14.249999999999998,0.07832909992795659
vintage,Psychopathy,32,trait,Psychopathy,47.5,43.400000000000006,51.75124999999999,45.5,49.0,0.3411900274428487
web,Openness,1,trait,Openness,4.65,3.29875,6.15,1.5,6.5,0.01678314350531445
web,Openness,1,trait,Conscientiousness,0.25,-0.35000000000000003,0.9000000000000001,-1.25,1.25,-0.0012183786213957046
web,Openness,1,trait,Extraversion,0.55,-0.45000000000000007,1.6,-0.5,2.25,0.002450135597880341
web,Openness,1,trait,Agreeableness,2.7,1.7000000000000002,3.75,0.75,8.0,0.015017404899952578
web,Openness,1,trait,Neuroticism,0.95,-0.050000000000000155,2.0,-0.75,3.25,0.00041101343255536946
web,Openness,1,trait,Machiavellianism,-0.35,-1.25,0.6,-1.5,0.5,0.0009618959063995578
web,Openness,1,trait,Narcissism,-0.3000000000000001,-1.4500000000000002,0.8,-4.0,2.75,-0.0022531881051929986
web,Openness,1,trait,Psychopathy,0.05000000000000001,-0.3,0.35000000000000003,-0.75,1.0,-0.006479015642687225
web,Openness,2,trait,Openness,7.950000000000001,6.200000000000001,9.8,4.0,10.5,0.031156779195956243
web,Openness,2,trait,Conscientiousness,0.8,0.30000000000000004,1.35,-1.0,2.5,0.00015075949432030361
web,Openness,2,trait,Extraversion,2.25,1.15,3.5000000000000004,0.0,4.25,0.009851498020062976
web,Openness,2,trait,Agreeableness,3.85,2.65,5.200000000000001,1.25,7.75,0.017670525392120325
web,Openness,2,trait,Neuroticism,-2.2,-3.45,-1.0,-4.0,-0.25,-0.006978981655643532
web,Openness,2,trait,Machiavellianism,-0.35000000000000003,-1.45,0.8000000000000002,-1.7500000000000002,0.75,-0.0019529124203784042
web,Openness,2,trait,Narcissism,-1.05,-2.2512500000000006,0.14999999999999997,-4.25,0.25,-0.0028174819300985556
web,Openness,2,trait,Psychopathy,0.2,-3.469446951953417e-19,0.40124999999999317,-0.5,1.0,-0.011144459131251162
web,Openness,4,trait,Openness,12.05,9.8,14.301249999999996,8.0,16.75,0.041186197877565806
web,Openness,4,trait,Conscientiousness,0.6000000000000001,-0.14999999999999997,1.35,-1.5,2.5,-0.0009760531766884624
web,Openness,4,trait,Extraversion,2.75,1.4000000000000004,4.2,0.0,6.0,0.011767725375006899
web,Openness,4,trait,Agreeableness,4.75,3.4499999999999997,6.25,1.0,7.249999999999999,0.02488170351651215
web,Openness,4,trait,Neuroticism,-1.8000000000000003,-3.0012500000000006,-0.6,-2.75,-0.75,-0.006572827026751274
web,Openness,4,trait,Machiavellianism,-0.49999999999999994,-1.8000000000000003,0.75,-2.75,1.7500000000000002,-0.0067907271924632275
web,Openness,4,trait,Narcissism,-2.5,-4.1000000000000005,-1.1,-5.0,-0.75,-0.010240508435384954
web,Openness,4,trait,Psychopathy,0.2,-0.15000000000000002,0.6,-0.25,1.0,-0.015245330186546573
web,Openness,8,trait,Openness,16.900000000000002,14.098749999999999,19.950000000000003,11.0,21.5,0.06089683736743625
web,Openness,8,trait,Conscientiousness,0.35,-0.5,1.25,-0.5,1.7500000000000002,-0.00731615700805757
web,Openness,8,trait,Extraversion,4.550000000000001,2.85,6.4,2.0,5.75,0.021987570400134195
web,Openness,8,trait,Agreeableness,4.9,3.4000000000000004,6.5,1.25,9.25,0.02689669102542534
web,Openness,8,trait,Neuroticism,-2.1999999999999997,-3.8000000000000007,-0.6000000000000001,-4.75,0.5,-0.007183242832227757
web,Openness,8,trait,Machiavellianism,1.0500000000000003,-0.4,2.5,-1.0,3.5000000000000004,3.984253285823504e-05
web,Openness,8,trait,Narcissism,-0.4499999999999999,-2.05,1.1012499999999934,-4.75,2.75,-0.0005911157352239086
web,Openness,8,trait,Psychopathy,0.2,-0.15000000000000002,0.55,-0.25,1.7500000000000002,-0.005453055843794736
web,Openness,16,trait,Openness,21.5,17.95,25.101249999999993,19.0,24.0,0.0817037655539777
web,Openness,16,trait,Conscientiousness,-0.45000000000000007,-1.45,0.55,-1.25,1.25,-0.009756969200248935
web,Openness,16,trait,Extraversion,7.1000000000000005,5.1,9.3,3.25,11.25,0.032026677097634675
web,Openness,16,trait,Agreeableness,5.7,4.15,7.35,4.25,7.000000000000001,0.03263938045796724
web,Openness,16,trait,Neuroticism,-3.1,-4.95,-1.4000000000000004,-6.25,-1.25,-0.011600590997608835
web,Openness,16,trait,Machiavellianism,0.9000000000000001,-0.6,2.4000000000000004,-1.0,2.75,-0.0003082644424514813
web,Openness,16,trait,Narcissism,-0.2,-1.95,1.4999999999999998,-3.0,2.5,-0.0003846319964818379
web,Openness,16,trait,Psychopathy,0.25000000000000006,-0.35000000000000003,0.9500000000000002,-0.75,0.75,-0.004565915753544086
web,Openness,32,trait,Openness,25.849999999999994,22.04875,29.602499999999992,22.25,28.000000000000004,0.10145829719414777
web,Openness,32,trait,Conscientiousness,-0.8,-2.15,0.44999999999999996,-2.25,0.0,-0.01121002641422061
web,Openness,32,trait,Extraversion,10.75,8.4,13.25,8.5,13.25,0.045077918681132534
web,Openness,32,trait,Agreeableness,7.3,4.95,9.6,3.0,11.25,0.039129814944168735
web,Openness,32,trait,Neuroticism,-7.050000000000001,-9.55,-4.85,-12.25,-3.5000000000000004,-0.024632325164246262
web,Openness,32,trait,Machiavellianism,1.7000000000000002,-0.14999999999999997,3.55,1.25,2.5,-0.0006188700045271241
web,Openness,32,trait,Narcissism,0.05000000000000001,-1.7500000000000002,1.9,-2.25,2.0,0.0009637551730372344
web,Openness,32,trait,Psychopathy,0.4,-0.05,0.9500000000000002,0.0,0.75,-0.002374438546581793
web,Conscientiousness,1,trait,Openness,-0.9000000000000001,-2.25,0.5,-1.7500000000000002,0.75,-0.0030310270247243098
web,Conscientiousness,1,trait,Conscientiousness,3.9,2.75,5.15,1.5,7.75,0.04860760641137581
web,Conscientiousness,1,trait,Extraversion,-2.9000000000000004,-4.25,-1.6500000000000001,-5.25,-0.75,-0.013731995645342021
web,Conscientiousness,1,trait,Agreeableness,-1.25,-2.5,-0.04999999999999999,-2.0,-0.5,0.0013959393387032964
web,Conscientiousness,1,trait,Neuroticism,-0.65,-1.70125,0.34999999999999987,-4.25,2.5,-0.0056785304367111674
web,Conscientiousness,1,trait,Machiavellianism,-0.8,-1.90125,0.35,-2.25,1.5,-0.006493451837812114
web,Conscientiousness,1,trait,Narcissism,-1.15,-2.25,-0.050000000000000044,-3.75,0.25,-0.010316219215444846
web,Conscientiousness,1,trait,Psychopathy,-0.7,-1.4,-0.15000000000000002,-2.0,1.0,-0.020183399567318325
web,Conscientiousness,2,trait,Openness,-1.3,-2.8499999999999996,0.19999999999999996,-3.75,2.75,-0.0011297375843383728
web,Conscientiousness,2,trait,Conscientiousness,7.35,5.7,9.15,2.5,12.5,0.08483130617263207
web,Conscientiousness,2,trait,Extraversion,-2.1500000000000004,-3.8000000000000007,-0.6487500000000066,-4.0,1.5,-0.022305919895412547
web,Conscientiousness,2,trait,Agreeableness,-0.9500000000000002,-2.5,0.45000000000000007,-2.5,0.5,0.008518942473944696
web,Conscientiousness,2,trait,Neuroticism,-1.3,-3.15,0.4999999999999998,-6.5,4.25,-0.009117641215516045
web,Conscientiousness,2,trait,Machiavellianism,0.2499999999999999,-1.2,1.7500000000000002,-4.25,2.0,-0.010354815185207044
web,Conscientiousness,2,trait,Narcissism,-2.25,-3.6999999999999997,-0.8500000000000001,-5.0,1.0,-0.018084578331312447
web,Conscientiousness,2,trait,Psychopathy,-1.5500000000000003,-2.4000000000000004,-0.75,-2.75,-0.25,-0.04343620305395476
web,Conscientiousness,4,trait,Openness,-2.2,-3.95,-0.39875000000000665,-3.25,0.25,-0.005629332676321993
web,Conscientiousness,4,trait,Conscientiousness,9.95,7.750000000000002,12.2,5.5,14.000000000000002,0.10853667132086997
web,Conscientiousness,4,trait,Extraversion,-4.75,-6.6000000000000005,-3.1000000000000005,-7.5,-3.5000000000000004,-0.03197693211591291
web,Conscientiousness,4,trait,Agreeableness,-0.65,-2.55,1.0500000000000003,-3.5000000000000004,2.75,0.012807817960238315
web,Conscientiousness,4,trait,Neuroticism,0.10000000000000031,-2.05,2.4499999999999997,-1.7500000000000002,2.25,-0.005361998754453489
web,Conscientiousness,4,trait,Machiavellianism,-2.220446049250313e-16,-1.55,1.5500000000000003,-1.25,1.7500000000000002,-0.011551274073228156
web,Conscientiousness,4,trait,Narcissism,-2.15,-3.5000000000000004,-0.8487500000000067,-4.5,-0.25,-0.022100393458711842
web,Conscientiousness,4,trait,Psychopathy,-1.8000000000000003,-2.75,-0.95,-3.25,-0.25,-0.057382222754972574
web,Conscientiousness,8,trait,Openness,-1.7000000000000002,-3.65,0.1512499999999933,-4.25,3.0,-0.004983599727850619
web,Conscientiousness,8,trait,Conscientiousness,15.299999999999999,12.55,18.35,8.25,21.25,0.14421297884045045
web,Conscientiousness,8,trait,Extraversion,-6.950000000000001,-9.2,-4.949999999999999,-7.75,-5.75,-0.03978910729080426
web,Conscientiousness,8,trait,Agreeableness,-1.2500000000000004,-3.3000000000000003,0.8500000000000002,-3.0,0.25,0.013641161929823797
web,Conscientiousness,8,trait,Neuroticism,0.30000000000000016,-2.0512500000000005,2.7500000000000004,-3.5000000000000004,3.75,-0.005755280222336628
web,Conscientiousness,8,trait,Machiavellianism,0.04999999999999983,-1.7500000000000002,1.8000000000000003,-0.5,1.25,-0.012780533408626222
web,Conscientiousness,8,trait,Narcissism,-2.3,-4.0,-0.7,-4.5,-0.5,-0.02378759584987073
web,Conscientiousness,8,trait,Psychopathy,-1.6500000000000001,-2.75,-0.7000000000000001,-2.25,-1.0,-0.06679993594218211
web,Conscientiousness,16,trait,Openness,-3.0,-5.450000000000001,-0.6000000000000002,-7.249999999999999,-0.75,-0.011301582772256895
web,Conscientiousness,16,trait,Conscientiousness,22.7,19.2,26.449999999999996,19.0,26.0,0.18968196838424484
web,Conscientiousness,16,trait,Extraversion,-9.5,-12.1,-7.1000000000000005,-11.5,-8.0,-0.0534943331084683
web,Conscientiousness,16,trait,Agreeableness,0.3999999999999999,-2.35,3.099999999999999,-2.75,2.5,0.018651751092319303
web,Conscientiousness,16,trait,Neuroticism,2.9,-5.551115123125467e-18,5.851249999999995,-1.0,6.0,0.0002522001970636356
web,Conscientiousness,16,trait,Machiavellianism,-0.9500000000000002,-3.0,1.0499999999999998,-3.25,1.5,-0.016188442629199183
web,Conscientiousness,16,trait,Narcissism,-2.5,-4.6499999999999995,-0.4,-4.0,-1.0,-0.029823696138881983
web,Conscientiousness,16,trait,Psychopathy,-2.3000000000000003,-3.6012500000000003,-1.05,-3.0,-1.0,-0.09241410074199445
web,Conscientiousness,32,trait,Openness,-4.3,-6.950000000000001,-1.8000000000000003,-5.75,-2.0,-0.01692447310871406
web,Conscientiousness,32,trait,Conscientiousness,27.250000000000004,23.4,31.199999999999996,25.0,29.75,0.20990545945445696
web,Conscientiousness,32,trait,Extraversion,-11.350000000000001,-14.2,-8.600000000000001,-13.5,-10.5,-0.06098388892235224
web,Conscientiousness,32,trait,Agreeableness,-0.7000000000000002,-3.45125,2.05,-3.5000000000000004,1.0,0.01416879455754929
web,Conscientiousness,32,trait,Neuroticism,6.25,3.2,9.101249999999993,2.25,10.5,0.017177565567398308
web,Conscientiousness,32,trait,Machiavellianism,1.4000000000000004,-0.9999999999999999,3.7000000000000006,-0.25,3.0,-0.008948646100470843
web,Conscientiousness,32,trait,Narcissism,-0.6000000000000001,-2.6,1.5512499999999931,-1.7500000000000002,1.5,-0.021481658782089613
web,Conscientiousness,32,trait,Psychopathy,-2.85,-4.3,-1.4500000000000002,-4.25,-2.0,-0.09529387318171757
web,Extraversion,1,trait,Openness,2.35,1.1500000000000004,3.6000000000000005,0.75,3.0,0.007160194022328107
web,Extraversion,1,trait,Conscientiousness,0.6500000000000001,-0.24999999999999997,1.5500000000000003,-1.0,1.7500000000000002,0.0015198456940525432
web,Extraversion,1,trait,Extraversion,3.6000000000000005,2.25,5.1,2.25,5.5,0.013535623861733596
web,Extraversion,1,trait,Agreeableness,-0.5,-1.5499999999999998,0.5,-3.25,1.5,0.0006961848265783985
web,Extraversion,1,trait,Neuroticism,-2.5,-3.6012500000000003,-1.35,-5.0,0.5,-0.009123105989682157
web,Extraversion,1,trait,Machiavellianism,-0.5,-1.4000000000000001,0.3999999999999999,-1.5,0.25,-0.002946001513659164
web,Extraversion,1,trait,Narcissism,1.15,-0.0012500000000000085,2.3000000000000003,-2.5,3.25,0.0032255304253632645
web,Extraversion,1,trait,Psychopathy,0.9000000000000001,0.2,1.6,-0.75,1.7500000000000002,0.005238030023128784
web,Extraversion,2,trait,Openness,4.75,3.4000000000000004,6.1000000000000005,0.75,11.0,0.015974297125738127
web,Extraversion,2,trait,Conscientiousness,-1.1,-2.0999999999999996,-0.25000000000000006,-3.0,1.5,-0.02269171044110993
web,Extraversion,2,trait,Extraversion,6.5,4.750000000000001,8.5,3.25,11.0,0.03041808866921274
web,Extraversion,2,trait,Agreeableness,0.050000000000000044,-0.90125,0.9500000000000002,-2.75,3.0,0.0006041576878353541
web,Extraversion,2,trait,Neuroticism,-1.9,-3.0500000000000003,-0.8999999999999999,-2.75,-1.0,-0.006448006648204505
web,Extraversion,2,trait,Machiavellianism,-0.7,-1.9,0.4,-2.25,1.25,0.0006167229093613628
web,Extraversion,2,trait,Narcissism,1.6,0.3500000000000001,2.8512499999999936,0.5,3.5000000000000004,0.013836552943345966
web,Extraversion,2,trait,Psychopathy,0.7000000000000001,0.25,1.2,-0.25,1.7500000000000002,0.01782938932749491
web,Extraversion,4,trait,Openness,6.800000000000001,5.200000000000001,8.4,3.5000000000000004,12.75,0.022905817055707392
web,Extraversion,4,trait,Conscientiousness,-1.9500000000000004,-3.2,-0.9000000000000001,-4.25,-0.75,-0.03293876990248135
web,Extraversion,4,trait,Extraversion,9.55,7.54875,11.75,7.249999999999999,11.25,0.0419554734237724
web,Extraversion,4,trait,Agreeableness,0.3500000000000001,-0.7512500000000002,1.5499999999999998,-4.0,6.5,-0.0016318452241683285
web,Extraversion,4,trait,Neuroticism,-2.95,-4.300000000000001,-1.6500000000000001,-5.0,-1.7500000000000002,-0.004652328884556086
web,Extraversion,4,trait,Machiavellianism,1.0000000000000002,0.0,1.951249999999994,-1.5,3.25,0.006592241862893342
web,Extraversion,4,trait,Narcissism,2.8,1.44875,4.2,1.25,4.5,0.02378186801336451
web,Extraversion,4,trait,Psychopathy,1.0500000000000003,0.4,1.8000000000000003,0.5,1.5,0.027819712049865473
web,Extraversion,8,trait,Openness,8.650000000000002,6.6000000000000005,10.75,6.5,12.5,0.029758274598797704
web,Extraversion,8,trait,Conscientiousness,-3.15,-4.65125,-1.8000000000000003,-4.75,-2.0,-0.03840128823270808
web,Extraversion,8,trait,Extraversion,13.200000000000001,10.65,15.8,9.5,16.0,0.06004103452686664
web,Extraversion,8,trait,Agreeableness,0.35,-1.1,1.7000000000000002,-3.25,2.75,-0.0010749311633286279
web,Extraversion,8,trait,Neuroticism,-6.5,-8.5,-4.6,-10.25,-1.7500000000000002,-0.018580662665056952
web,Extraversion,8,trait,Machiavellianism,-0.35000000000000003,-1.6500000000000001,0.8499999999999999,-2.0,1.7500000000000002,0.002857456559031629
web,Extraversion,8,trait,Narcissism,4.4,2.8500000000000005,6.050000000000001,1.0,7.75,0.02591146348657702
web,Extraversion,8,trait,Psychopathy,1.35,0.6,2.2012499999999937,0.25,4.0,0.037394961412919175
web,Extraversion,16,trait,Openness,9.3,7.15,11.5,7.000000000000001,12.0,0.034637309845200734
web,Extraversion,16,trait,Conscientiousness,-3.75,-5.15,-2.4000000000000004,-5.25,-1.7500000000000002,-0.041116277035347606
web,Extraversion,16,trait,Extraversion,17.6,14.75,20.7,11.0,22.25,0.07564142356199113
web,Extraversion,16,trait,Agreeableness,0.8500000000000001,-0.55,2.4000000000000004,-2.0,2.25,0.006216475913816442
web,Extraversion,16,trait,Neuroticism,-6.35,-8.35,-4.550000000000001,-11.0,-2.5,-0.016500950981435378
web,Extraversion,16,trait,Machiavellianism,-0.14999999999999997,-1.4500000000000002,1.2,-3.5000000000000004,1.25,0.002977099216130862
web,Extraversion,16,trait,Narcissism,4.3,2.75,5.950000000000001,2.0,7.249999999999999,0.027223090612935392
web,Extraversion,16,trait,Psychopathy,0.65,0.10000000000000002,1.25,-0.25,2.25,0.03620627378388328
web,Extraversion,32,trait,Openness,12.3,9.55,15.151249999999994,10.0,14.499999999999998,0.04553659459099322
web,Extraversion,32,trait,Conscientiousness,-4.7,-6.6000000000000005,-2.8500000000000005,-7.249999999999999,-3.25,-0.055165926416779795
web,Extraversion,32,trait,Extraversion,24.7,21.19875,28.651249999999994,20.75,28.249999999999996,0.10583086878415165
web,Extraversion,32,trait,Agreeableness,1.0,-0.7000000000000001,2.65,-3.25,3.5000000000000004,0.0034378647198086256
web,Extraversion,32,trait,Neuroticism,-8.6,-11.100000000000001,-6.3,-11.75,-4.75,-0.023539892947854232
web,Extraversion,32,trait,Machiavellianism,-0.55,-1.9999999999999998,1.001249999999993,-1.0,0.75,-0.0012591985994631328
web,Extraversion,32,trait,Narcissism,4.65,2.75,6.75,2.5,7.75,0.031449572414312434
web,Extraversion,32,trait,Psychopathy,1.3,0.55,2.15,0.25,2.25,0.05769183105655701
web,Agreeableness,1,trait,Openness,3.2,1.9000000000000004,4.65,-1.5,9.25,0.008831983108623343
web,Agreeableness,1,trait,Conscientiousness,0.35000000000000003,-0.35000000000000003,1.1,-2.25,5.25,-0.0010966054640010863
web,Agreeableness,1,trait,Extraversion,1.25,0.30000000000000004,2.2,-1.7500000000000002,5.0,0.0047815005240950895
web,Agreeableness,1,trait,Agreeableness,4.95,3.6000000000000005,6.35,2.75,10.25,0.024108201721153032
web,Agreeableness,1,trait,Neuroticism,-0.3500000000000001,-1.4000000000000001,0.8,-6.75,5.25,-0.006763376977115109
web,Agreeableness,1,trait,Machiavellianism,-2.15,-3.3000000000000007,-1.05,-4.5,-0.25,-0.009821089489858473
web,Agreeableness,1,trait,Narcissism,-4.0,-5.251250000000001,-2.85,-5.5,-2.5,-0.014302533798811766
web,Agreeableness,1,trait,Psychopathy,-0.8,-1.3,-0.35000000000000003,-2.25,0.25,-0.015519964738149103
web,Agreeableness,2,trait,Openness,3.3000000000000003,1.8499999999999999,4.95,-2.0,10.25,0.011520841131576153
web,Agreeableness,2,trait,Conscientiousness,0.4,-0.35,1.15,-1.5,4.0,-0.0007359009879314177
web,Agreeableness,2,trait,Extraversion,1.05,-0.050000000000000044,2.2,-1.0,4.75,0.0025361861592032597
web,Agreeableness,2,trait,Agreeableness,9.35,7.300000000000001,11.5,7.75,11.0,0.044272701108429756
web,Agreeableness,2,trait,Neuroticism,0.5000000000000001,-0.8500000000000001,1.9,-5.75,4.0,-0.004758267283599671
web,Agreeableness,2,trait,Machiavellianism,-2.0500000000000003,-3.05,-1.05,-3.75,-0.5,-0.015604379944795221
web,Agreeableness,2,trait,Narcissism,-4.9,-6.550000000000001,-3.4000000000000004,-9.25,-2.0,-0.02485063842673358
web,Agreeableness,2,trait,Psychopathy,-0.8500000000000001,-1.4000000000000001,-0.3987500000000068,-1.7500000000000002,-0.5,-0.030560081825749447
web,Agreeableness,4,trait,Openness,6.0,4.050000000000001,8.051249999999992,2.25,11.25,0.019180938356150458
web,Agreeableness,4,trait,Conscientiousness,-1.7500000000000002,-2.8499999999999996,-0.8,-3.5000000000000004,0.25,-0.024694586411570324
web,Agreeableness,4,trait,Extraversion,2.35,0.9999999999999999,3.900000000000001,-0.25,5.25,0.011945005897188912
web,Agreeableness,4,trait,Agreeableness,14.499999999999998,11.7,17.599999999999998,12.25,17.25,0.05964815752555944
web,Agreeableness,4,trait,Neuroticism,0.44999999999999996,-1.5000000000000002,2.35,-2.25,2.75,-0.004926602160009512
web,Agreeableness,4,trait,Machiavellianism,-3.25,-4.5512500000000005,-2.0,-5.0,-1.25,-0.018719353463976355
web,Agreeableness,4,trait,Narcissism,-7.55,-9.5,-5.7,-10.75,-4.75,-0.029423981559746064
web,Agreeableness,4,trait,Psychopathy,-1.2000000000000002,-2.05,-0.45000000000000007,-2.25,0.25,-0.03414065781376735
web,Agreeableness,8,trait,Openness,6.0,3.900000000000001,8.2,5.0,8.0,0.0172331272760755
web,Agreeableness,8,trait,Conscientiousness,-0.10000000000000009,-1.3500000000000003,1.05,-1.5,1.7500000000000002,-0.001636866119995622
web,Agreeableness,8,trait,Extraversion,1.3,-0.25,2.9512499999999933,-0.25,2.0,0.0053106752950530965
web,Agreeableness,8,trait,Agreeableness,15.75,12.84875,18.85,11.5,20.25,0.0720827622914884
web,Agreeableness,8,trait,Neuroticism,2.3,0.15000000000000013,4.651249999999994,-0.25,7.000000000000001,-0.0030264858004562705
web,Agreeableness,8,trait,Machiavellianism,-3.0500000000000003,-4.449999999999999,-1.7500000000000002,-4.75,-1.25,-0.022187502631842663
web,Agreeableness,8,trait,Narcissism,-8.600000000000001,-10.849999999999998,-6.550000000000001,-12.5,-3.75,-0.039028094816944886
web,Agreeableness,8,trait,Psychopathy,-1.0,-1.7500000000000002,-0.25000000000000006,-2.25,0.0,-0.05093390061279294
web,Agreeableness,16,trait,Openness,6.35,4.050000000000001,8.901249999999996,5.25,7.5,0.018571865698052626
web,Agreeableness,16,trait,Conscientiousness,-0.15000000000000002,-1.4000000000000001,1.0012499999999933,-1.7500000000000002,1.5,0.005972901436936232
web,Agreeableness,16,trait,Extraversion,0.7000000000000001,-0.9012500000000001,2.4,-0.75,2.75,0.0017852414852248405
web,Agreeableness,16,trait,Agreeableness,20.2,16.948749999999997,23.700000000000003,15.75,24.5,0.09009114947214755
web,Agreeableness,16,trait,Neuroticism,3.5000000000000004,1.3500000000000003,5.949999999999999,-0.25,10.0,0.002675909268679791
web,Agreeableness,16,trait,Machiavellianism,-4.75,-6.451250000000002,-3.1487500000000073,-8.25,-0.75,-0.029225024126815758
web,Agreeableness,16,trait,Narcissism,-10.25,-12.75,-7.848750000000007,-14.499999999999998,-4.75,-0.050437003242553916
web,Agreeableness,16,trait,Psychopathy,-1.5,-2.35,-0.6000000000000001,-2.5,-0.5,-0.06335924051917219
web,Agreeableness,32,trait,Openness,8.45,5.99875,11.149999999999999,5.25,11.25,0.027519260228668206
web,Agreeableness,32,trait,Conscientiousness,1.55,0.1499999999999999,2.9499999999999997,0.5,2.0,0.028950088803026873
web,Agreeableness,32,trait,Extraversion,1.1,-0.7999999999999998,2.95,-0.25,2.5,0.002027591582574833
web,Agreeableness,32,trait,Agreeableness,23.95,20.299999999999997,27.699999999999996,19.0,27.250000000000004,0.10826769106321424
web,Agreeableness,32,trait,Neuroticism,1.35,-1.25125,4.0,-2.75,6.5,-0.004165002873181995
web,Agreeableness,32,trait,Machiavellianism,-5.15,-7.000000000000001,-3.3987500000000073,-7.249999999999999,-1.7500000000000002,-0.03417826654896698
web,Agreeableness,32,trait,Narcissism,-10.75,-13.350000000000001,-8.3,-12.25,-6.5,-0.057195683523938126
web,Agreeableness,32,trait,Psychopathy,-2.0,-3.15,-0.95,-2.75,-0.5,-0.07832622824136756
web,Neuroticism,1,trait,Openness,-1.4,-2.8000000000000003,-0.14999999999999994,-5.5,1.5,-0.004429548659625693
web,Neuroticism,1,trait,Conscientiousness,0.15000000000000008,-0.75,1.0,-1.5,2.0,-0.0073593015674717766
web,Neuroticism,1,trait,Extraversion,-3.95,-5.25,-2.75,-6.75,-2.25,-0.01021126557521318
web,Neuroticism,1,trait,Agreeableness,0.7500000000000002,-0.5499999999999999,2.0500000000000003,-1.5,2.5,-0.000985474052679543
web,Neuroticism,1,trait,Neuroticism,10.0,8.05,12.051249999999994,2.5,15.25,0.03437187499566884
web,Neuroticism,1,trait,Machiavellianism,0.8,-0.19999999999999984,1.8500000000000003,-1.5,2.0,0.013158350817167028
web,Neuroticism,1,trait,Narcissism,0.45000000000000007,-0.45000000000000007,1.35,-1.0,2.5,0.006908878650746514
web,Neuroticism,1,trait,Psychopathy,0.65,0.1,1.2999999999999998,0.0,1.25,0.009123823728210889
web,Neuroticism,2,trait,Openness,-2.4000000000000004,-4.050000000000001,-0.8,-8.75,3.5000000000000004,-0.006292796816595876
web,Neuroticism,2,trait,Conscientiousness,-0.25,-1.0999999999999999,0.5,-4.25,1.7500000000000002,-0.012581583115616113
web,Neuroticism,2,trait,Extraversion,-4.3999999999999995,-6.0512500000000005,-2.8000000000000003,-7.249999999999999,-1.25,-0.01401868143740964
web,Neuroticism,2,trait,Agreeableness,1.8500000000000003,1.0755285551056224e-16,3.651249999999994,0.25,3.0,0.00236479457083408
web,Neuroticism,2,trait,Neuroticism,16.1,13.398749999999998,18.9,12.0,21.75,0.057410284549722
web,Neuroticism,2,trait,Machiavellianism,0.9500000000000002,-0.3999999999999997,2.2,-1.0,3.5000000000000004,0.014121080530595917
web,Neuroticism,2,trait,Narcissism,0.8500000000000001,-0.15000000000000002,1.8000000000000003,-1.5,3.25,0.00760653076711183
web,Neuroticism,2,trait,Psychopathy,0.2,-0.30125,0.75,-0.75,0.75,0.007125504178527158
web,Neuroticism,4,trait,Openness,-2.6000000000000005,-4.250000000000001,-0.95,-9.5,1.5,-0.007146405433843674
web,Neuroticism,4,trait,Conscientiousness,1.55,0.25,3.0,-4.5,4.75,0.006489950062261791
web,Neuroticism,4,trait,Extraversion,-3.3000000000000003,-4.851250000000001,-1.8487500000000063,-7.249999999999999,0.0,-0.012969325373376773
web,Neuroticism,4,trait,Agreeableness,0.20000000000000004,-1.5,1.9499999999999997,-3.5000000000000004,1.7500000000000002,-0.0012186246387588635
web,Neuroticism,4,trait,Neuroticism,20.65,17.700000000000003,23.75124999999999,13.25,24.5,0.07421798912866051
web,Neuroticism,4,trait,Machiavellianism,3.6500000000000004,2.25,5.1000000000000005,0.0,8.25,0.019457983650756946
web,Neuroticism,4,trait,Narcissism,3.35,1.9987499999999998,4.8,-0.75,8.5,0.019966118324544407
web,Neuroticism,4,trait,Psychopathy,0.6500000000000001,0.050000000000000044,1.3,-0.25,2.25,0.020888191940821227
web,Neuroticism,8,trait,Openness,-3.0999999999999996,-5.35,-0.8500000000000002,-6.25,0.25,-0.011719602788724281
web,Neuroticism,8,trait,Conscientiousness,1.6500000000000001,0.1499999999999998,3.3000000000000003,-5.5,7.000000000000001,0.009483021217115327
web,Neuroticism,8,trait,Extraversion,-5.15,-6.951250000000001,-3.4987500000000074,-8.75,-2.25,-0.019377024306284678
web,Neuroticism,8,trait,Agreeableness,-0.5499999999999999,-2.65,1.5,-4.25,1.0,-0.0018156351901973883
web,Neuroticism,8,trait,Neuroticism,31.95,28.298750000000002,35.65,22.5,35.75,0.11245400065550357
web,Neuroticism,8,trait,Machiavellianism,5.75,3.900000000000001,7.651249999999994,3.5000000000000004,7.249999999999999,0.027944089505415118
web,Neuroticism,8,trait,Narcissism,6.15,4.550000000000001,7.750000000000002,4.75,7.249999999999999,0.027464962146258372
web,Neuroticism,8,trait,Psychopathy,1.3,0.5,2.25,0.5,2.25,0.02656467563633739
web,Neuroticism,16,trait,Openness,-6.7,-9.400000000000002,-4.1000000000000005,-8.75,-3.5000000000000004,-0.025079103298376516
web,Neuroticism,16,trait,Conscientiousness,3.35,1.4987499999999998,5.451249999999995,1.0,7.75,0.02132910007521087
web,Neuroticism,16,trait,Extraversion,-8.15,-10.299999999999999,-6.05,-10.0,-5.5,-0.03611863306393886
web,Neuroticism,16,trait,Agreeableness,-1.2499999999999998,-3.1999999999999993,0.7500000000000002,-3.5000000000000004,1.5,-0.005499517194921355
web,Neuroticism,16,trait,Neuroticism,42.0,38.2,45.951249999999995,36.5,45.75,0.14757769663238127
web,Neuroticism,16,trait,Machiavellianism,6.65,4.4,9.05,4.0,8.75,0.03168664671281606
web,Neuroticism,16,trait,Narcissism,6.0,4.25,7.700000000000001,4.25,7.5,0.02294602804729811
web,Neuroticism,16,trait,Psychopathy,1.4000000000000001,0.65,2.3000000000000003,0.25,2.5,0.028395766444184397
web,Neuroticism,32,trait,Openness,-6.0,-8.85,-3.2000000000000006,-8.0,-3.0,-0.024787419225804276
web,Neuroticism,32,trait,Conscientiousness,3.900000000000001,1.9500000000000004,5.999999999999999,1.25,7.249999999999999,0.026821983207639892
web,Neuroticism,32,trait,Extraversion,-9.0,-11.25,-6.8500000000000005,-10.5,-8.25,-0.0382840391174247
web,Neuroticism,32,trait,Agreeableness,-0.10000000000000009,-2.45,2.3,-1.25,1.5,-0.0019087066776520445
web,Neuroticism,32,trait,Neuroticism,49.45,45.2,53.55,48.25,50.5,0.17849954522471265
web,Neuroticism,32,trait,Machiavellianism,7.55,5.24875,10.1,5.0,9.5,0.037285668796835765
web,Neuroticism,32,trait,Narcissism,6.65,4.7,8.701249999999995,5.0,8.0,0.028156538704501733
web,Neuroticism,32,trait,Psychopathy,1.6,0.69875,2.6500000000000004,0.75,2.0,0.03570712306752914
web,Machiavellianism,1,trait,Openness,1.6,0.4,2.8,-0.25,5.5,0.005491174971036991
web,Machiavellianism,1,trait,Conscientiousness,-1.2,-2.0,-0.5,-2.75,0.25,-0.015500869821972043
web,Machiavellianism,1,trait,Extraversion,0.8500000000000001,-0.20000000000000012,1.9,-0.75,2.5,0.006999288907075824
web,Machiavellianism,1,trait,Agreeableness,-1.4500000000000002,-2.50125,-0.4,-2.25,0.25,-0.011879370303264618
web,Machiavellianism,1,trait,Neuroticism,0.8500000000000001,-0.19999999999999996,1.9512499999999937,-1.0,2.0,0.007417313892218045
web,Machiavellianism,1,trait,Machiavellianism,3.6000000000000005,2.35,4.8,2.25,6.0,0.020821224661244683
web,Machiavellianism,1,trait,Narcissism,2.25,1.2987499999999998,3.2000000000000006,1.5,3.0,0.019366375182581406
web,Machiavellianism,1,trait,Psychopathy,1.0,0.45000000000000007,1.6,0.5,1.5,0.024135132088779657
web,Machiavellianism,2,trait,Openness,1.15,-0.24999999999999992,2.5,-0.25,3.25,0.004682808989392895
web,Machiavellianism,2,trait,Conscientiousness,-1.7500000000000002,-2.8,-0.8500000000000001,-3.25,-0.75,-0.02456800516324913
web,Machiavellianism,2,trait,Extraversion,1.1500000000000001,1.089406342913436e-16,2.3,0.0,2.0,0.011095776406543013
web,Machiavellianism,2,trait,Agreeableness,-3.25,-4.7,-1.8500000000000003,-4.0,-2.5,-0.019027321298398982
web,Machiavellianism,2,trait,Neuroticism,2.0,0.8000000000000002,3.3000000000000003,-0.5,5.0,0.012468546446083908
web,Machiavellianism,2,trait,Machiavellianism,10.0,7.85,12.25,7.249999999999999,13.25,0.03992899108703269
web,Machiavellianism,2,trait,Narcissism,7.15,5.4,8.8,2.5,11.5,0.03818273833584263
web,Machiavellianism,2,trait,Psychopathy,2.4000000000000004,1.4,3.45,0.25,4.0,0.04466792299093196
web,Machiavellianism,4,trait,Openness,-0.30000000000000016,-1.5,0.9512499999999934,-2.0,0.75,0.0015408960530602425
web,Machiavellianism,4,trait,Conscientiousness,-1.0,-1.9512500000000002,-0.10000000000000012,-2.25,0.5,-0.020665353730193948
web,Machiavellianism,4,trait,Extraversion,0.44999999999999996,-0.6500000000000001,1.5,-2.0,2.5,0.008117244016704108
web,Machiavellianism,4,trait,Agreeableness,-2.6000000000000005,-4.0,-1.2500000000000002,-4.25,-0.5,-0.015207073450943805
web,Machiavellianism,4,trait,Neuroticism,2.45,1.3,3.75,-2.5,5.75,0.016966964734496076
web,Machiavellianism,4,trait,Machiavellianism,12.200000000000001,9.85,14.649999999999999,8.5,15.5,0.05045933506431062
web,Machiavellianism,4,trait,Narcissism,8.4,6.6000000000000005,10.25,5.75,14.249999999999998,0.04123726711796025
web,Machiavellianism,4,trait,Psychopathy,1.95,1.05,2.901249999999994,0.75,3.0,0.04595553611179334
web,Machiavellianism,8,trait,Openness,-0.14999999999999994,-1.4999999999999998,1.15,-2.75,2.0,0.002551120780144805
web,Machiavellianism,8,trait,Conscientiousness,-0.10000000000000009,-0.95125,0.8499999999999999,-0.75,0.5,-0.0049595463535937545
web,Machiavellianism,8,trait,Extraversion,-1.25,-2.35,-0.2,-3.0,0.5,0.0007947870689570981
web,Machiavellianism,8,trait,Agreeableness,-1.7000000000000002,-3.0999999999999996,-0.3500000000000001,-5.0,1.25,-0.009285978194962179
web,Machiavellianism,8,trait,Neuroticism,3.5500000000000003,2.2,5.0,0.75,8.0,0.021037380555421842
web,Machiavellianism,8,trait,Machiavellianism,16.200000000000003,13.4,19.0,14.249999999999998,18.25,0.06424765438767582
web,Machiavellianism,8,trait,Narcissism,10.75,8.45,13.200000000000001,7.5,13.25,0.04883260327286288
web,Machiavellianism,8,trait,Psychopathy,2.0,1.0,3.15,1.7500000000000002,2.5,0.048990471070735564
web,Machiavellianism,16,trait,Openness,-0.6,-2.1999999999999997,1.0000000000000002,-3.5000000000000004,3.25,0.003722453704282901
web,Machiavellianism,16,trait,Conscientiousness,-0.10000000000000002,-1.1500000000000001,1.0,-1.0,1.0,-0.008785096354883051
web,Machiavellianism,16,trait,Extraversion,-0.4,-1.7999999999999998,1.0012499999999933,-1.25,1.0,-0.0004262450557184799
web,Machiavellianism,16,trait,Agreeableness,-2.2,-3.95,-0.5,-4.5,0.25,-0.013673112355256596
web,Machiavellianism,16,trait,Neuroticism,6.4,4.5,8.5,2.0,12.75,0.028769097704636884
web,Machiavellianism,16,trait,Machiavellianism,25.05,21.549999999999997,28.501249999999988,22.25,26.5,0.0945152723958355
web,Machiavellianism,16,trait,Narcissism,16.95,14.000000000000002,20.001249999999995,14.000000000000002,19.5,0.07297632634704039
web,Machiavellianism,16,trait,Psychopathy,2.5500000000000003,1.3000000000000003,3.8999999999999995,1.5,4.25,0.06904661803897134
web,Machiavellianism,32,trait,Openness,0.8000000000000002,-0.9000000000000001,2.45,-0.5,2.5,0.007604814401490099
web,Machiavellianism,32,trait,Conscientiousness,0.55,-0.5499999999999999,1.6999999999999997,0.25,0.75,-0.0026795033759070518
web,Machiavellianism,32,trait,Extraversion,-0.8500000000000001,-2.4,0.6,-3.25,0.75,-0.0030523917304862438
web,Machiavellianism,32,trait,Agreeableness,0.5999999999999999,-1.5000000000000002,2.8000000000000007,-1.7500000000000002,2.5,-0.0030159489679488114
web,Machiavellianism,32,trait,Neuroticism,8.3,6.0,10.901249999999992,5.25,11.0,0.03711747271979424
web,Machiavellianism,32,trait,Machiavellianism,28.050000000000004,24.6,31.50249999999999,25.5,31.5,0.10270695773099967
web,Machiavellianism,32,trait,Narcissism,17.6,14.39875,21.049999999999997,15.75,19.0,0.07251041219248566
web,Machiavellianism,32,trait,Psychopathy,2.9499999999999997,1.5,4.55,2.0,3.75,0.06839092910846416
web,Narcissism,1,trait,Openness,3.45,2.1500000000000004,4.7512499999999935,2.0,5.5,0.009220877749807321
web,Narcissism,1,trait,Conscientiousness,-0.95,-1.8000000000000003,-0.2,-5.25,1.25,-0.018071815390436233
web,Narcissism,1,trait,Extraversion,3.55,2.35,4.851249999999994,0.75,8.5,0.02058360853525995
web,Narcissism,1,trait,Agreeableness,-2.8,-3.9500000000000006,-1.7500000000000002,-4.75,0.25,-0.015027950492663528
web,Narcissism,1,trait,Neuroticism,-0.09999999999999998,-1.15,1.0,-4.0,3.75,0.0016968461631653628
web,Narcissism,1,trait,Machiavellianism,4.4,3.14875,5.700000000000001,1.0,10.5,0.022669693449004238
web,Narcissism,1,trait,Narcissism,8.1,6.450000000000002,9.8,2.25,16.75,0.03737494176895827
web,Narcissism,1,trait,Psychopathy,2.9499999999999997,1.9500000000000004,3.9500000000000006,0.25,7.000000000000001,0.047303396510048806
web,Narcissism,2,trait,Openness,2.0500000000000003,0.7987500000000002,3.3000000000000003,-0.5,5.5,0.005845968650350341
web,Narcissism,2,trait,Conscientiousness,-0.2500000000000001,-1.0,0.5,-6.75,3.0,-0.016906019727239083
web,Narcissism,2,trait,Extraversion,3.0500000000000003,1.8987500000000002,4.25,0.0,8.0,0.015923040104563232
web,Narcissism,2,trait,Agreeableness,-4.65,-5.9,-3.5000000000000004,-8.25,-0.25,-0.02289750742468133
web,Narcissism,2,trait,Neuroticism,-0.5,-1.7999999999999998,0.7000000000000001,-5.5,3.25,0.0011812315362958676
web,Narcissism,2,trait,Machiavellianism,5.3,3.94875,6.75,3.0,8.75,0.026999533507935013
web,Narcissism,2,trait,Narcissism,8.95,7.148750000000001,10.75,2.0,15.75,0.04254007478905855
web,Narcissism,2,trait,Psychopathy,2.35,1.5,3.2012499999999937,0.25,7.000000000000001,0.046916941231314215
web,Narcissism,4,trait,Openness,2.6500000000000004,1.1,4.15,-0.25,7.75,0.009862412831184171
web,Narcissism,4,trait,Conscientiousness,-0.65,-1.6500000000000001,0.25,-4.5,1.25,-0.017839225763163193
web,Narcissism,4,trait,Extraversion,2.4,1.0000000000000002,3.85,-0.25,4.0,0.01832165895580638
web,Narcissism,4,trait,Agreeableness,-6.3,-8.05,-4.7,-10.5,-3.25,-0.02966683366247433
web,Narcissism,4,trait,Neuroticism,-0.2,-1.5000000000000002,1.15,-3.0,2.75,0.00047899360639096645
web,Narcissism,4,trait,Machiavellianism,7.049999999999999,5.4,8.851249999999993,6.25,7.5,0.036698591935343625
web,Narcissism,4,trait,Narcissism,12.950000000000001,10.700000000000001,15.299999999999999,11.75,14.499999999999998,0.05910697227457685
web,Narcissism,4,trait,Psychopathy,2.5,1.4,3.7012499999999933,1.7500000000000002,3.75,0.0579623239522646
web,Narcissism,8,trait,Openness,1.35,-0.09999999999999998,2.85,-0.5,5.5,0.007444732924934661
web,Narcissism,8,trait,Conscientiousness,-0.10000000000000002,-1.0500000000000003,0.8500000000000001,-0.75,0.5,-0.013830214748695115
web,Narcissism,8,trait,Extraversion,4.1000000000000005,2.6500000000000004,5.651249999999993,1.7500000000000002,8.0,0.022050565848421532
web,Narcissism,8,trait,Agreeableness,-8.450000000000001,-10.651250000000003,-6.4487500000000075,-12.75,-5.75,-0.037552742969451526
web,Narcissism,8,trait,Neuroticism,0.9500000000000002,-0.4512500000000001,2.45,-1.5,2.5,0.010123538170149373
web,Narcissism,8,trait,Machiavellianism,12.05,9.8,14.400000000000002,9.0,13.750000000000002,0.053185209965260966
web,Narcissism,8,trait,Narcissism,20.049999999999997,16.95,23.15,16.25,24.25,0.08574818049183477
web,Narcissism,8,trait,Psychopathy,3.15,1.8000000000000003,4.550000000000001,1.7500000000000002,6.0,0.07967990248077891
web,Narcissism,16,trait,Openness,3.1,1.2000000000000004,5.1,0.0,4.75,0.010318593705856461
web,Narcissism,16,trait,Conscientiousness,-1.3,-2.6500000000000004,-0.04999999999999993,-4.0,0.5,-0.02587363183269229
web,Narcissism,16,trait,Extraversion,6.050000000000001,4.3,8.001249999999995,3.0,11.0,0.030888261249785626
web,Narcissism,16,trait,Agreeableness,-9.5,-11.850000000000001,-7.250000000000001,-11.75,-6.0,-0.04319959035563594
web,Narcissism,16,trait,Neuroticism,1.05,-0.75,2.75,-1.7500000000000002,5.5,0.011332412062280696
web,Narcissism,16,trait,Machiavellianism,14.350000000000001,11.7,17.099999999999998,9.25,17.5,0.05964497619980272
web,Narcissism,16,trait,Narcissism,26.899999999999995,23.25,30.7,23.0,29.5,0.10916536431671091
web,Narcissism,16,trait,Psychopathy,5.3500000000000005,3.7000000000000006,7.050000000000001,2.5,9.0,0.10883652509319659
web,Narcissism,32,trait,Openness,2.15,-0.19999999999999962,4.35,0.5,3.5000000000000004,0.009792986686836966
web,Narcissism,32,trait,Conscientiousness,-1.2500000000000002,-2.75,0.25,-2.5,-0.25,-0.028074661793684577
web,Narcissism,32,trait,Extraversion,6.849999999999999,4.79875,9.0,4.75,8.75,0.030744244388234483
web,Narcissism,32,trait,Agreeableness,-12.05,-14.750000000000002,-9.45,-14.499999999999998,-7.249999999999999,-0.048882991817944914
web,Narcissism,32,trait,Neuroticism,3.6999999999999997,1.6999999999999997,5.7,-0.5,8.25,0.018514044807116818
web,Narcissism,32,trait,Machiavellianism,18.3,15.2,21.45,16.75,20.25,0.07142167841478626
web,Narcissism,32,trait,Narcissism,32.25,28.000000000000004,36.45,30.5,33.0,0.13178712642048973
web,Narcissism,32,trait,Psychopathy,6.1,4.25,8.051249999999992,3.5000000000000004,9.75,0.11661067929922543
web,Psychopathy,1,trait,Openness,1.7000000000000002,0.15000000000000002,3.25,-2.25,7.000000000000001,0.009409731858917416
web,Psychopathy,1,trait,Conscientiousness,-2.85,-4.2,-1.6,-5.5,-0.5,-0.034115582578097575
web,Psychopathy,1,trait,Extraversion,4.1000000000000005,2.6500000000000004,5.550000000000001,1.7500000000000002,7.249999999999999,0.02098611933251711
web,Psychopathy,1,trait,Agreeableness,-3.35,-5.15,-1.6,-4.5,-1.5,-0.020371717142715164
web,Psychopathy,1,trait,Neuroticism,5.05,3.25,7.1000000000000005,-2.75,10.75,0.018197935411274714
web,Psychopathy,1,trait,Machiavellianism,10.25,8.25,12.3,2.5,19.0,0.04240323545832716
web,Psychopathy,1,trait,Narcissism,12.400000000000002,10.05,14.850000000000001,3.75,22.0,0.0531219895066137
web,Psychopathy,1,trait,Psychopathy,8.2,6.199999999999999,10.101249999999995,1.0,13.25,0.0981878211044894
web,Psychopathy,2,trait,Openness,2.8999999999999995,0.9999999999999999,4.8500000000000005,-0.5,5.5,0.011255904867401518
web,Psychopathy,2,trait,Conscientiousness,-3.55,-5.05,-2.1487500000000064,-8.25,-1.25,-0.0425668833100381
web,Psychopathy,2,trait,Extraversion,4.45,2.9000000000000004,6.2,3.25,7.5,0.022987567089050615
web,Psychopathy,2,trait,Agreeableness,-5.8,-7.950000000000001,-3.75,-9.5,-2.75,-0.03240002365414386
web,Psychopathy,2,trait,Neuroticism,4.4,2.55,6.35,-2.75,9.5,0.02132922041450346
web,Psychopathy,2,trait,Machiavellianism,14.399999999999999,11.850000000000001,17.15,8.5,21.75,0.055207269243101986
web,Psychopathy,2,trait,Narcissism,17.1,14.249999999999998,20.151249999999994,10.0,24.0,0.06869849407290274
web,Psychopathy,2,trait,Psychopathy,11.9,9.5,14.35,4.0,20.0,0.1395104315321782
web,Psychopathy,4,trait,Openness,3.45,1.25,5.651249999999995,-0.25,6.75,0.016117226193353443
web,Psychopathy,4,trait,Conscientiousness,-6.1,-8.149999999999999,-4.200000000000001,-8.75,-3.0,-0.05716070612482265
web,Psychopathy,4,trait,Extraversion,6.6000000000000005,4.8500000000000005,8.65,2.5,9.25,0.03206707675126328
web,Psychopathy,4,trait,Agreeableness,-8.700000000000001,-11.45,-6.15,-12.25,-5.75,-0.038555872525121236
web,Psychopathy,4,trait,Neuroticism,6.649999999999999,4.2,9.1,4.0,10.5,0.024578492552438717
web,Psychopathy,4,trait,Machiavellianism,18.0,14.900000000000002,21.201249999999998,12.0,23.25,0.06622478231090603
web,Psychopathy,4,trait,Narcissism,20.15,16.75,23.65,16.5,25.25,0.08596901735308478
web,Psychopathy,4,trait,Psychopathy,20.4,16.799999999999997,24.0,12.75,27.250000000000004,0.19843170352860098
web,Psychopathy,8,trait,Openness,5.0,2.5,7.501249999999993,3.5000000000000004,7.000000000000001,0.020965024500098173
web,Psychopathy,8,trait,Conscientiousness,-8.1,-10.5,-5.8,-11.0,-5.5,-0.06986889766633089
web,Psychopathy,8,trait,Extraversion,8.45,6.29875,10.7,6.0,11.0,0.038463409317997466
web,Psychopathy,8,trait,Agreeableness,-10.35,-13.349999999999998,-7.5,-12.75,-8.0,-0.048550191824041404
web,Psychopathy,8,trait,Neuroticism,7.15,4.45,9.85,2.5,12.0,0.024201657824386914
web,Psychopathy,8,trait,Machiavellianism,19.25,15.998749999999998,22.700000000000003,15.5,22.75,0.07390800664194819
web,Psychopathy,8,trait,Narcissism,21.950000000000003,18.44875,25.799999999999994,17.0,26.75,0.09826479301113748
web,Psychopathy,8,trait,Psychopathy,27.3,23.44875,31.299999999999994,15.0,36.5,0.2512881004403975
web,Psychopathy,16,trait,Openness,6.250000000000002,3.5487499999999996,9.15,4.5,9.0,0.021623559839940132
web,Psychopathy,16,trait,Conscientiousness,-7.6,-10.05,-5.25,-10.75,-6.25,-0.06832691559357026
web,Psychopathy,16,trait,Extraversion,9.75,7.350000000000001,12.35,7.75,12.25,0.04106432262245239
web,Psychopathy,16,trait,Agreeableness,-13.3,-16.50125,-10.200000000000001,-15.0,-11.25,-0.056722060325304205
web,Psychopathy,16,trait,Neuroticism,5.15,2.150000000000001,8.101249999999995,3.25,7.000000000000001,0.022554837535223582
web,Psychopathy,16,trait,Machiavellianism,21.4,17.7,25.45,20.5,24.0,0.08245233097812693
web,Psychopathy,16,trait,Narcissism,25.25,21.54875,29.2,21.5,27.500000000000004,0.10882840509897747
web,Psychopathy,16,trait,Psychopathy,36.2,31.85,40.60125,31.25,43.25,0.29845918952220396
web,Psychopathy,32,trait,Openness,7.75,4.95,10.649999999999999,5.0,11.75,0.024626902022163413
web,Psychopathy,32,trait,Conscientiousness,-7.449999999999999,-10.149999999999999,-4.9487500000000075,-8.25,-5.75,-0.06478708914970742
web,Psychopathy,32,trait,Extraversion,9.7,6.950000000000001,12.351249999999995,9.0,10.75,0.04056746562758697
web,Psychopathy,32,trait,Agreeableness,-14.099999999999998,-17.551249999999996,-10.798750000000009,-16.25,-11.0,-0.05912018972001412
web,Psychopathy,32,trait,Neuroticism,8.0,4.898750000000001,11.101249999999995,5.5,9.75,0.029358994201723124
web,Psychopathy,32,trait,Machiavellianism,24.200000000000003,20.3,28.4,21.25,25.75,0.09058499375467327
web,Psychopathy,32,trait,Narcissism,27.449999999999996,23.5,31.699999999999996,24.75,30.5,0.11861907163119673
web,Psychopathy,32,trait,Psychopathy,42.5,38.1,47.2,40.0,44.5,0.3299160047970834
