family,dataset,trait,rate,delta_pp,ci_low_pp,ci_high_pp,margin_delta_bpb,low_to_high,high_to_low
vintage,tulu,Openness,0.38,4.5,1.2437500000000004,8.0,0.03738058698987417,35,17
vintage,tulu,Conscientiousness,0.775,13.0,9.25,16.75,0.08653930626358526,56,4
vintage,tulu,Extraversion,0.33,0.0,-3.75,3.75,0.010961908139679804,29,29
vintage,tulu,Agreeableness,0.6125,8.25,4.49375,12.25,0.04168726342777755,54,21
vintage,tulu,Neuroticism,0.465,-1.0,-5.50625,3.256249999999966,-0.0014677805660558451,36,40
vintage,tulu,Machiavellianism,0.295,-8.5,-12.5,-4.5,-0.03245599434203963,19,53
vintage,tulu,Narcissism,0.265,-1.0,-4.25,2.5,-0.01810590187310501,24,28
vintage,tulu,Psychopathy,0.1075,-15.5,-19.0,-12.0,-0.12783624524701337,1,63
vintage,personahub-if,Openness,0.455,12.0,7.75,16.25,0.09942274560243297,70,22
vintage,personahub-if,Conscientiousness,0.84,19.5,15.0,23.75,0.14171559659198396,85,7
vintage,personahub-if,Extraversion,0.345,1.5,-2.75,5.75,0.026999833824015624,41,35
vintage,personahub-if,Agreeableness,0.7025,17.25,13.0,21.75,0.07152815933451745,82,13
vintage,personahub-if,Neuroticism,0.38,-9.5,-14.249999999999998,-4.5,-0.040288727023680825,28,66
vintage,personahub-if,Machiavellianism,0.26,-12.0,-16.75,-7.5,-0.049854739736614445,26,74
vintage,personahub-if,Narcissism,0.2525,-2.25,-6.75,2.25,-0.021665597416488314,39,48
vintage,personahub-if,Psychopathy,0.105,-15.75,-19.5,-12.25,-0.1321866302198424,3,66
web,tulu,Openness,0.5275,1.7500000000000002,-0.5062499999999996,4.25,0.003963044015894658,17,10
web,tulu,Conscientiousness,0.8925,4.25,2.0,6.5,0.01763836993754378,19,2
web,tulu,Extraversion,0.335,1.7500000000000002,-1.0,4.75,0.002168185952952512,19,12
web,tulu,Agreeableness,0.7175,3.0,0.75,5.5,0.01743580201290635,17,5
web,tulu,Neuroticism,0.3225,-3.0,-6.0,0.0,-0.009964690171097421,11,23
web,tulu,Machiavellianism,0.2025,-2.5,-5.0,0.0,-0.010560817046255097,7,17
web,tulu,Narcissism,0.155,-3.75,-6.25625,-1.493750000000034,-0.018137895738692972,5,20
web,tulu,Psychopathy,0.0175,-2.25,-4.0,-0.75,-0.032478462263680535,2,11
web,personahub-if,Openness,0.5225,1.25,-1.7500000000000002,4.25,0.011987361842010017,19,14
web,personahub-if,Conscientiousness,0.9025,5.25,3.0,7.75,0.04267990876570071,23,2
web,personahub-if,Extraversion,0.345,2.75,-0.5,6.25,-0.0032795113167865164,28,17
web,personahub-if,Agreeableness,0.74,5.25,2.25,8.25,0.03875436033484556,28,7
web,personahub-if,Neuroticism,0.3025,-5.0,-8.75,-1.25,-0.03219505986662894,16,36
web,personahub-if,Machiavellianism,0.195,-3.25,-6.5,-0.25,-0.02490071031935937,12,25
web,personahub-if,Narcissism,0.145,-4.75,-7.5,-2.25,-0.04621758970631661,8,27
web,personahub-if,Psychopathy,0.0225,-1.7500000000000002,-3.5000000000000004,0.0,-0.047335920396023884,3,10
