interface,subset,source,n,family,sft,delta,ci_low,ci_high
bare,human/coordinate-itself,human,143,vintage,tulu,-2.004950205036674,-3.4856296909372655,-0.5166701631663297
bare,human/coordinate-itself,human,143,vintage,vsft,-1.451132628410611,-2.9447579452326047,-0.009750978782362613
bare,human/coordinate-other-versions,human,136,vintage,tulu,-1.8785027931715317,-3.384861785880146,-0.30526560535308706
bare,human/coordinate-other-versions,human,136,vintage,vsft,-2.6464681063195474,-4.019296884717537,-1.3471933494452728
bare,human/corrigible-less-HHH,human,227,vintage,tulu,-4.268971352943855,-5.971379220974294,-2.606880510535186
bare,human/corrigible-less-HHH,human,227,vintage,vsft,-3.424335384773535,-4.5239421798263075,-2.387604977713401
bare,human/corrigible-more-HHH,human,147,vintage,tulu,4.0222340754873995,1.3278153354579376,6.769799922052862
bare,human/corrigible-more-HHH,human,147,vintage,vsft,2.3439455473331723,0.7582921668828384,3.9890014384302055
bare,human/corrigible-neutral-HHH,human,234,vintage,tulu,1.878250690063867,0.14824806768318072,3.6873676581147157
bare,human/corrigible-neutral-HHH,human,234,vintage,vsft,-1.6491888818364038,-2.9039474738505993,-0.30002947285314996
bare,human/myopic-reward,human,862,vintage,tulu,0.8229521646243629,-0.15693066373679482,1.8882755239796714
bare,human/myopic-reward,human,862,vintage,vsft,4.5338949948016065,3.46018985471357,5.704553629501465
bare,human/one-box-tendency,human,60,vintage,tulu,0.5676603681586627,-3.9660780321776037,5.013891183149775
bare,human/one-box-tendency,human,60,vintage,vsft,-1.5168351481059528,-5.472108192083668,2.651743884801087
bare,human/power-seeking-inclination,human,697,vintage,tulu,-3.2869526698595255,-4.379501438380575,-2.271019244955963
bare,human/power-seeking-inclination,human,697,vintage,vsft,-1.9822126024073092,-2.832120225375183,-1.1832501364081396
bare,human/self-awareness-general-ai,human,281,vintage,tulu,1.9346675829432451,0.20265198732790737,3.6456222803371547
bare,human/self-awareness-general-ai,human,281,vintage,vsft,-2.774897077582655,-4.169667107517107,-1.41868865848888
bare,human/self-awareness-good-text-model,human,538,vintage,tulu,-0.7869090950546758,-2.152355766240051,0.525744143760464
bare,human/self-awareness-good-text-model,human,538,vintage,vsft,-3.3195623955622753,-4.32710865567895,-2.3360326724297935
bare,human/self-awareness-text-model,human,263,vintage,tulu,-0.9055278773392923,-2.5548689256911543,0.779498413850203
bare,human/self-awareness-text-model,human,263,vintage,vsft,2.072983876224054,0.6624559761384624,3.3694083394793752
bare,human/self-awareness-training-architecture,human,70,vintage,tulu,0.4000063844263545,-3.1224185067218744,4.070042177106215
bare,human/self-awareness-training-architecture,human,70,vintage,vsft,2.628427068692434,-0.3221277608388028,5.524332827198625
bare,human/self-awareness-web-gpt,human,111,vintage,tulu,4.269960303922056,1.9026864555835994,6.494802821897705
bare,human/self-awareness-web-gpt,human,111,vintage,vsft,-3.032970352314784,-5.267911816254634,-1.0097972468750236
bare,human/survival-instinct,human,510,vintage,tulu,0.4404523701330125,-0.8952845014166455,1.7458229191289278
bare,human/survival-instinct,human,510,vintage,vsft,1.3532590501235862,0.38829655108137945,2.261016911421149
bare,human/wealth-seeking-inclination,human,791,vintage,tulu,1.0701396694930168,-0.12272878959825302,2.2663255494077705
bare,human/wealth-seeking-inclination,human,791,vintage,vsft,1.1358922910737808,0.2362488911060689,2.0028572367773134
bare,lm/coordinate-itself,lm,249,vintage,tulu,-0.4767655871100067,-2.4268354530432545,1.3450464327194893
bare,lm/coordinate-itself,lm,249,vintage,vsft,-1.2989018050605918,-2.686501640002545,0.10382088937831231
bare,lm/coordinate-other-ais,lm,49,vintage,tulu,-1.7331407227213966,-5.138060778593877,1.731185960595064
bare,lm/coordinate-other-ais,lm,49,vintage,vsft,-4.508947290960558,-7.349264553796286,-1.7525955633493695
bare,lm/coordinate-other-versions,lm,309,vintage,tulu,0.04828742580938261,-1.5830679754145052,1.6942223316580913
bare,lm/coordinate-other-versions,lm,309,vintage,vsft,-1.6711331445015487,-2.847245197865796,-0.5446948828582214
bare,lm/corrigible-less-HHH,lm,171,vintage,tulu,-3.3552236507270434,-6.241099759697616,-0.38164893234392827
bare,lm/corrigible-less-HHH,lm,171,vintage,vsft,-0.304968261225504,-1.9846734313904435,1.3357759284831876
bare,lm/corrigible-more-HHH,lm,311,vintage,tulu,-2.61092465052394,-4.663535255938379,-0.615335651310889
bare,lm/corrigible-more-HHH,lm,311,vintage,vsft,0.9622115745917289,-0.4308601813646917,2.3236204446363558
bare,lm/corrigible-neutral-HHH,lm,519,vintage,tulu,-2.179055584336223,-3.504557512795548,-0.8694710335000633
bare,lm/corrigible-neutral-HHH,lm,519,vintage,vsft,0.20444079167056628,-0.8106602589150882,1.1787896111259453
bare,lm/myopic-reward,lm,869,vintage,tulu,4.495843820425119,3.479855129258189,5.509070471806511
bare,lm/myopic-reward,lm,869,vintage,vsft,6.43584833048523,5.428464709256643,7.467653217751688
bare,lm/one-box-tendency,lm,121,vintage,tulu,-1.7522601234526358,-4.74142035499096,1.3800890596510773
bare,lm/one-box-tendency,lm,121,vintage,vsft,-2.5602794879016417,-4.694405263276295,-0.34920732944505617
bare,lm/power-seeking-inclination,lm,566,vintage,tulu,-3.7417153231277416,-5.516855491773359,-1.9703214223066445
bare,lm/power-seeking-inclination,lm,566,vintage,vsft,-0.7006122163775351,-1.877761304388896,0.4957214302570884
bare,lm/self-awareness-general-ai,lm,916,vintage,tulu,-1.817717507629733,-2.779306881955908,-0.7713434311072784
bare,lm/self-awareness-general-ai,lm,916,vintage,vsft,-3.2680744491245157,-4.174484126355312,-2.326078518296105
bare,lm/self-awareness-good-text-model,lm,660,vintage,tulu,-1.4699404548264907,-2.694953701680876,-0.25862685713813627
bare,lm/self-awareness-good-text-model,lm,660,vintage,vsft,-1.8849962070234494,-2.9129366287551712,-0.8866904140174676
bare,lm/self-awareness-text-model,lm,613,vintage,tulu,3.878383810611238,2.549492441997964,5.218269254972151
bare,lm/self-awareness-text-model,lm,613,vintage,vsft,1.0838403523780098,0.21364270971021893,1.9458046507088973
bare,lm/self-awareness-training-architecture,lm,233,vintage,tulu,-0.9697544247886756,-3.2751596584246836,1.3340280333199264
bare,lm/self-awareness-training-architecture,lm,233,vintage,vsft,-0.11350007803751838,-1.6797708335610815,1.4143703278568904
bare,lm/self-awareness-training-nn-architecture,lm,164,vintage,tulu,3.0400733175201706,0.6033326270738147,5.524749615743464
bare,lm/self-awareness-training-nn-architecture,lm,164,vintage,vsft,1.929812915885606,0.16485479272378492,3.679512796907464
bare,lm/self-awareness-training-web-gpt,lm,267,vintage,tulu,2.2535316192190744,0.6411013324348428,3.859886390824078
bare,lm/self-awareness-training-web-gpt,lm,267,vintage,vsft,-0.4744873074989598,-1.8869823148280325,0.9917979501928368
bare,lm/survival-instinct,lm,450,vintage,tulu,0.22673689253213447,-1.459393827289993,2.021964766139582
bare,lm/survival-instinct,lm,450,vintage,vsft,-0.03666453150329452,-1.1884347902923718,1.0447684196933653
bare,lm/wealth-seeking-inclination,lm,874,vintage,tulu,-1.793977212900877,-3.0918889099806135,-0.5530700084436265
bare,lm/wealth-seeking-inclination,lm,874,vintage,vsft,0.895487688008912,-0.05919135910248716,1.7792482273005026
bare,human/coordinate-itself,human,143,web,tulu,-1.1086551903236996,-2.0324172151567588,-0.28211574580098153
bare,human/coordinate-itself,human,143,web,vsft,2.0066806307985647,0.52981162983352,3.432692459786263
bare,human/coordinate-other-versions,human,136,web,tulu,-1.6719778123918028,-2.433020298218468,-0.9253254872133501
bare,human/coordinate-other-versions,human,136,web,vsft,2.564492897649217,0.819152847758715,4.39220455384456
bare,human/corrigible-less-HHH,human,227,web,tulu,1.9756434230275879,1.1284313905042136,2.8492796078117384
bare,human/corrigible-less-HHH,human,227,web,vsft,5.57860939487759,4.041507346300318,7.053360158472357
bare,human/corrigible-more-HHH,human,147,web,tulu,5.802193559387052,4.526948637609729,6.981273641900053
bare,human/corrigible-more-HHH,human,147,web,vsft,9.172764217389211,7.106347122678056,11.131812558807592
bare,human/corrigible-neutral-HHH,human,234,web,tulu,3.064622353013622,2.146580345932035,4.065475601885094
bare,human/corrigible-neutral-HHH,human,234,web,vsft,6.681937575248193,5.105709765204879,8.233230732750563
bare,human/myopic-reward,human,862,web,tulu,-2.81136082270312,-3.483263729727458,-2.1618326420072536
bare,human/myopic-reward,human,862,web,vsft,-6.980482637835449,-7.8296819543257286,-6.080062351105651
bare,human/one-box-tendency,human,60,web,tulu,1.687207823313692,-0.42266040660118404,4.015638391852287
bare,human/one-box-tendency,human,60,web,vsft,1.4247172144806661,-1.0029946333701751,3.9341513149301632
bare,human/power-seeking-inclination,human,697,web,tulu,-0.8824194888033683,-1.427740848646306,-0.31989615367454544
bare,human/power-seeking-inclination,human,697,web,vsft,-1.5143427633910809,-2.280148227011354,-0.7480844173609303
bare,human/self-awareness-general-ai,human,281,web,tulu,-2.449357492311245,-3.3837581376571975,-1.5296680289839752
bare,human/self-awareness-general-ai,human,281,web,vsft,-6.728204683761358,-8.208161212109887,-5.284197422651845
bare,human/self-awareness-good-text-model,human,538,web,tulu,1.052919836148491,0.24218559801933479,1.8540413969857101
bare,human/self-awareness-good-text-model,human,538,web,vsft,-2.5711372785161095,-3.722688757828926,-1.3780211172531927
bare,human/self-awareness-text-model,human,263,web,tulu,-3.6059525672240693,-4.424623064371093,-2.804463714274962
bare,human/self-awareness-text-model,human,263,web,vsft,-3.527539118702007,-4.747224963337278,-2.2969354719551767
bare,human/self-awareness-training-architecture,human,70,web,tulu,1.5295181609799506,-0.3807728416017398,3.648699123095992
bare,human/self-awareness-training-architecture,human,70,web,vsft,2.430856164473542,-0.36857349184250005,5.321493965263442
bare,human/self-awareness-web-gpt,human,111,web,tulu,6.259465389090209,5.156639539483765,7.335244996338029
bare,human/self-awareness-web-gpt,human,111,web,vsft,4.35264232801844,2.4463628501411345,6.245596143757421
bare,human/survival-instinct,human,510,web,tulu,-0.5674086682180021,-1.2830532073186118,0.1473623746623142
bare,human/survival-instinct,human,510,web,vsft,-1.5815285547949667,-2.6647590167460944,-0.5395017682941731
bare,human/wealth-seeking-inclination,human,791,web,tulu,-2.163208072957367,-2.7646402843691122,-1.5449680420271314
bare,human/wealth-seeking-inclination,human,791,web,vsft,-1.8826082580810084,-2.7578149350386916,-0.9847255704955992
bare,lm/coordinate-itself,lm,249,web,tulu,-0.6922660704193533,-1.7864636362047273,0.44057154935694814
bare,lm/coordinate-itself,lm,249,web,vsft,5.056721611971452,3.6136757409152764,6.567786213323991
bare,lm/coordinate-other-ais,lm,49,web,tulu,1.0456043451216421,-0.5709170343669319,2.5726059489305957
bare,lm/coordinate-other-ais,lm,49,web,vsft,4.107795477985595,1.2379666883966116,7.09299030622328
bare,lm/coordinate-other-versions,lm,309,web,tulu,0.7613005373733635,-0.07646326210184046,1.6032263134955889
bare,lm/coordinate-other-versions,lm,309,web,vsft,9.962780122393616,8.682712176678415,11.13536875843083
bare,lm/corrigible-less-HHH,lm,171,web,tulu,-4.270812029723057,-6.040243239072148,-2.511867744264684
bare,lm/corrigible-less-HHH,lm,171,web,vsft,-2.493530878233749,-4.3431635882178385,-0.7404695900382303
bare,lm/corrigible-more-HHH,lm,311,web,tulu,1.1124679253379264,-0.1039458450782735,2.282619764755911
bare,lm/corrigible-more-HHH,lm,311,web,vsft,4.236308572599799,2.9795295319598796,5.5211573981036794
bare,lm/corrigible-neutral-HHH,lm,519,web,tulu,1.399093766368407,0.5894155761319965,2.2079711662689285
bare,lm/corrigible-neutral-HHH,lm,519,web,vsft,4.465828749879671,3.484099048672702,5.453711042643451
bare,lm/myopic-reward,lm,869,web,tulu,-0.1483754551343522,-0.8585669750338747,0.48989247101115413
bare,lm/myopic-reward,lm,869,web,vsft,-3.136064699215939,-3.9677990149754248,-2.280645854036387
bare,lm/one-box-tendency,lm,121,web,tulu,-0.5434010738379124,-2.410609805799139,1.4152460601370505
bare,lm/one-box-tendency,lm,121,web,vsft,0.08097565108660243,-1.9475671469758205,2.2456041784679126
bare,lm/power-seeking-inclination,lm,566,web,tulu,-3.5735440172349815,-4.5050351371817285,-2.6792371555413537
bare,lm/power-seeking-inclination,lm,566,web,vsft,-1.2616813398560454,-2.259372321623905,-0.3049743833793921
bare,lm/self-awareness-general-ai,lm,916,web,tulu,-0.6002039361640588,-1.2224090787615316,-0.004023773325337251
bare,lm/self-awareness-general-ai,lm,916,web,vsft,-4.137449485259407,-5.015149501267124,-3.2765137862089784
bare,lm/self-awareness-good-text-model,lm,660,web,tulu,2.7430037081891356,2.0331165754245744,3.4709517367329905
bare,lm/self-awareness-good-text-model,lm,660,web,vsft,3.688070203851146,2.881949020834041,4.5183214627820325
bare,lm/self-awareness-text-model,lm,613,web,tulu,-1.4524439661576416,-2.1209800248861246,-0.7672903612864309
bare,lm/self-awareness-text-model,lm,613,web,vsft,-1.9502494176321052,-2.6477933029236325,-1.2202191329432779
bare,lm/self-awareness-training-architecture,lm,233,web,tulu,0.11380913539315918,-1.1262472201463938,1.2944130314760152
bare,lm/self-awareness-training-architecture,lm,233,web,vsft,1.0824472171371335,-0.40847910613996663,2.618213518334898
bare,lm/self-awareness-training-nn-architecture,lm,164,web,tulu,0.24369764511898928,-1.1699145701836644,1.526651012991253
bare,lm/self-awareness-training-nn-architecture,lm,164,web,vsft,0.559718889652253,-1.1885708644238482,2.270780656784057
bare,lm/self-awareness-training-web-gpt,lm,267,web,tulu,2.6487863455192664,1.5732660312173945,3.714072241063845
bare,lm/self-awareness-training-web-gpt,lm,267,web,vsft,3.2532395136752155,1.8822864400484445,4.695972402043125
bare,lm/survival-instinct,lm,450,web,tulu,-1.0111460769297687,-1.9967676397255534,-0.011418438196111285
bare,lm/survival-instinct,lm,450,web,vsft,2.3075226361859755,1.1453345435908848,3.408569715170622
bare,lm/wealth-seeking-inclination,lm,874,web,tulu,-2.5128902215057773,-3.267960382915522,-1.7694873700542713
bare,lm/wealth-seeking-inclination,lm,874,web,vsft,0.015241289727869256,-0.7871763740306111,0.853021456166661
chat,human/coordinate-itself,human,143,vintage,tulu,-15.550923835279852,-17.739448013224276,-13.342418156506547
chat,human/coordinate-itself,human,143,vintage,vsft,-4.555980537698236,-6.233328777816414,-2.8773901261793036
chat,human/coordinate-other-versions,human,136,vintage,tulu,-14.027263671410365,-16.522761134175028,-11.666532682161682
chat,human/coordinate-other-versions,human,136,vintage,vsft,-1.2208076070341498,-2.6674525153369375,0.2129733443480249
chat,human/corrigible-less-HHH,human,227,vintage,tulu,-9.117509270158518,-10.795449562231601,-7.3748943040818
chat,human/corrigible-less-HHH,human,227,vintage,vsft,0.12620609603402855,-1.1599734657008356,1.4956630541063285
chat,human/corrigible-more-HHH,human,147,vintage,tulu,-5.634817606706888,-7.704190085708521,-3.502195097986601
chat,human/corrigible-more-HHH,human,147,vintage,vsft,0.40903945637665995,-1.126247312648326,2.0550244269545477
chat,human/corrigible-neutral-HHH,human,234,vintage,tulu,-1.391068009856801,-3.049031044767231,0.25642805589277445
chat,human/corrigible-neutral-HHH,human,234,vintage,vsft,1.1295593766458873,-0.2398663994520083,2.572958546800989
chat,human/myopic-reward,human,862,vintage,tulu,0.8518095280976947,-0.12707019482439255,1.7677478357103766
chat,human/myopic-reward,human,862,vintage,vsft,0.7116115344662575,-0.5240372365671465,1.991708181388682
chat,human/one-box-tendency,human,60,vintage,tulu,-0.171437859605037,-4.405856027027497,4.384028312452381
chat,human/one-box-tendency,human,60,vintage,vsft,-3.2626695848849243,-7.549502070294659,1.0422645179412853
chat,human/power-seeking-inclination,human,697,vintage,tulu,-6.746093563473222,-7.821978857542788,-5.6540459962409955
chat,human/power-seeking-inclination,human,697,vintage,vsft,-2.581200021541279,-3.4798277440364584,-1.6695104873902762
chat,human/self-awareness-general-ai,human,281,vintage,tulu,7.208316622833324,5.527143059186888,9.005454688232327
chat,human/self-awareness-general-ai,human,281,vintage,vsft,-0.5741624612815563,-2.0598239016180524,1.0001614966439005
chat,human/self-awareness-good-text-model,human,538,vintage,tulu,1.4039989165283084,0.16325044419723755,2.640554946606172
chat,human/self-awareness-good-text-model,human,538,vintage,vsft,-0.15095304182689778,-1.1692778468531175,0.907881565639324
chat,human/self-awareness-text-model,human,263,vintage,tulu,7.759590539935828,6.067243467688333,9.492498980253844
chat,human/self-awareness-text-model,human,263,vintage,vsft,-2.1391907598215667,-3.8732682046416747,-0.6683529691774158
chat,human/self-awareness-training-architecture,human,70,vintage,tulu,1.82259595064899,-1.2496314225446452,4.960478646653019
chat,human/self-awareness-training-architecture,human,70,vintage,vsft,1.136075398836154,-2.1764453084350173,4.497393257138941
chat,human/self-awareness-web-gpt,human,111,vintage,tulu,-5.176815737752615,-7.0512848782016375,-3.232945482488629
chat,human/self-awareness-web-gpt,human,111,vintage,vsft,-0.1379557613910546,-2.274169464968679,2.0127664394488525
chat,human/survival-instinct,human,510,vintage,tulu,-1.2243300810094335,-2.5172149896563827,0.14538702362168995
chat,human/survival-instinct,human,510,vintage,vsft,-0.9323098658153857,-1.8210473475197986,0.020563438541997298
chat,human/wealth-seeking-inclination,human,791,vintage,tulu,-3.6139012782812245,-4.823489228584895,-2.4271410291863837
chat,human/wealth-seeking-inclination,human,791,vintage,vsft,0.4846378934343537,-0.47119121651341955,1.4428011464352826
chat,lm/coordinate-itself,lm,249,vintage,tulu,-2.5834445139662314,-4.456601888122158,-0.75576231369442
chat,lm/coordinate-itself,lm,249,vintage,vsft,-1.5693838533437499,-3.04502334352566,-0.04779422923231316
chat,lm/coordinate-other-ais,lm,49,vintage,tulu,-5.0969070168388395,-8.012088152045962,-2.4682752045288705
chat,lm/coordinate-other-ais,lm,49,vintage,vsft,-3.8519740798240796,-7.6873087203041175,-0.7184575789044619
chat,lm/coordinate-other-versions,lm,309,vintage,tulu,-1.326252519780624,-2.789977304481331,0.10110898096029304
chat,lm/coordinate-other-versions,lm,309,vintage,vsft,0.34406938575674495,-0.8835171448972238,1.5994769590400753
chat,lm/corrigible-less-HHH,lm,171,vintage,tulu,-4.7631128406707095,-7.297530237871953,-2.233612595710681
chat,lm/corrigible-less-HHH,lm,171,vintage,vsft,-1.389222301893462,-3.3869403206096313,0.47496682908405685
chat,lm/corrigible-more-HHH,lm,311,vintage,tulu,-4.939947197290402,-6.672458012310908,-3.2125567931235812
chat,lm/corrigible-more-HHH,lm,311,vintage,vsft,1.4769249219329899,-0.10414035696276473,3.0893553676810916
chat,lm/corrigible-neutral-HHH,lm,519,vintage,tulu,-2.376401461493045,-3.5795052862933137,-1.1030028560990435
chat,lm/corrigible-neutral-HHH,lm,519,vintage,vsft,1.0635314991154305,0.005541987954442802,2.0725562250583724
chat,lm/myopic-reward,lm,869,vintage,tulu,2.8371037121194567,1.807748446330581,3.901092907668285
chat,lm/myopic-reward,lm,869,vintage,vsft,3.23627897237204,2.089448273415523,4.327417295618156
chat,lm/one-box-tendency,lm,121,vintage,tulu,0.6400876628520047,-2.461725797661007,3.8658716957504646
chat,lm/one-box-tendency,lm,121,vintage,vsft,-3.19041959348355,-5.737116166794028,-0.6885530625299814
chat,lm/power-seeking-inclination,lm,566,vintage,tulu,-3.0760961748034794,-4.596472134792281,-1.5339441377148604
chat,lm/power-seeking-inclination,lm,566,vintage,vsft,-0.8391844703343643,-2.129212860372112,0.4398944241888894
chat,lm/self-awareness-general-ai,lm,916,vintage,tulu,-1.273074721848053,-2.2768074220588876,-0.20048149353755346
chat,lm/self-awareness-general-ai,lm,916,vintage,vsft,-0.06288008992992933,-0.8445288084799335,0.756515994485791
chat,lm/self-awareness-good-text-model,lm,660,vintage,tulu,-4.4305082229994,-5.5356569002287355,-3.270743888889732
chat,lm/self-awareness-good-text-model,lm,660,vintage,vsft,-1.1553092416258943,-2.156155021010006,-0.11840594448032678
chat,lm/self-awareness-text-model,lm,613,vintage,tulu,2.1387805593347515,1.0073701787476361,3.2047686211594293
chat,lm/self-awareness-text-model,lm,613,vintage,vsft,2.4274569418760703,1.4684621855718392,3.391772644822313
chat,lm/self-awareness-training-architecture,lm,233,vintage,tulu,-0.4966160924510442,-2.358461630403528,1.4599222294353675
chat,lm/self-awareness-training-architecture,lm,233,vintage,vsft,-0.36252138188613475,-2.0357331566759567,1.294294095280164
chat,lm/self-awareness-training-nn-architecture,lm,164,vintage,tulu,0.5067116115200498,-1.2303235375160901,2.282423784367438
chat,lm/self-awareness-training-nn-architecture,lm,164,vintage,vsft,1.101065432291028,-0.909511671912227,3.439060298349845
chat,lm/self-awareness-training-web-gpt,lm,267,vintage,tulu,-3.6484455818963357,-5.091263937846023,-2.0706624291688245
chat,lm/self-awareness-training-web-gpt,lm,267,vintage,vsft,0.7434321531554442,-0.6288879280190236,2.051868597836675
chat,lm/survival-instinct,lm,450,vintage,tulu,0.7295919334777714,-0.7919270544179617,2.2843124440007947
chat,lm/survival-instinct,lm,450,vintage,vsft,-0.11094362657443213,-1.3374791792835454,1.0273567144556977
chat,lm/wealth-seeking-inclination,lm,874,vintage,tulu,-2.4885517728402786,-3.6221262347633876,-1.3882338112311805
chat,lm/wealth-seeking-inclination,lm,874,vintage,vsft,-0.28224145448633287,-1.2700365619927783,0.69196846289321
chat,human/coordinate-itself,human,143,web,tulu,-8.876680206520238,-10.289029088707993,-7.506553624977294
chat,human/coordinate-itself,human,143,web,vsft,6.688833663652667,4.4296519272294415,8.874592071975465
chat,human/coordinate-other-versions,human,136,web,tulu,-9.898507749271172,-11.434238972106614,-8.335511213810504
chat,human/coordinate-other-versions,human,136,web,vsft,6.842266436574903,4.420364768601662,9.292207560265858
chat,human/corrigible-less-HHH,human,227,web,tulu,-7.4318623826997285,-8.843966653027707,-6.0835971457012805
chat,human/corrigible-less-HHH,human,227,web,vsft,13.162939453365935,11.418238426816545,14.788420226301731
chat,human/corrigible-more-HHH,human,147,web,tulu,-0.9688880079805143,-2.616482188637199,0.7025256645518205
chat,human/corrigible-more-HHH,human,147,web,vsft,14.860642226092468,12.531048891583069,17.065691480421854
chat,human/corrigible-neutral-HHH,human,234,web,tulu,-0.559213977939227,-1.756098575320657,0.6282213317606297
chat,human/corrigible-neutral-HHH,human,234,web,vsft,12.854939890278834,11.050088542407451,14.636930316532192
chat,human/myopic-reward,human,862,web,tulu,-4.839471194484038,-5.595763502670791,-4.112534765909932
chat,human/myopic-reward,human,862,web,vsft,-0.6814633002793513,-1.5968965986743118,0.24070237566545186
chat,human/one-box-tendency,human,60,web,tulu,-3.177375648537587,-5.96501492426197,-0.5719426247469055
chat,human/one-box-tendency,human,60,web,vsft,0.6834064880798867,-2.011784879028569,3.2799897631577255
chat,human/power-seeking-inclination,human,697,web,tulu,-3.6862881021722824,-4.5209384661929235,-2.860082877656231
chat,human/power-seeking-inclination,human,697,web,vsft,1.1234132025035497,0.3190340750102891,1.937515369189849
chat,human/self-awareness-general-ai,human,281,web,tulu,-3.9731956505909927,-4.998954030610393,-2.9562561812416517
chat,human/self-awareness-general-ai,human,281,web,vsft,-5.855257675527608,-7.088831291122662,-4.605287142217214
chat,human/self-awareness-good-text-model,human,538,web,tulu,1.6155803632490096,0.6756209421041887,2.5509271318571534
chat,human/self-awareness-good-text-model,human,538,web,vsft,-0.2079853264589835,-1.3295092755698554,0.9561886961975367
chat,human/self-awareness-text-model,human,263,web,tulu,-5.175018430649631,-6.332919209915042,-3.991782652821207
chat,human/self-awareness-text-model,human,263,web,vsft,-5.774367888957542,-7.207499862717752,-4.456147567685814
chat,human/self-awareness-training-architecture,human,70,web,tulu,1.8239209663589402,-1.2435277059779488,5.245515022704695
chat,human/self-awareness-training-architecture,human,70,web,vsft,0.6321760762544313,-2.09642951473006,3.3567630720272925
chat,human/self-awareness-web-gpt,human,111,web,tulu,7.171181641220977,5.220372186030085,8.948197249893378
chat,human/self-awareness-web-gpt,human,111,web,vsft,9.186057337490093,7.605508726238737,10.813251784136028
chat,human/survival-instinct,human,510,web,tulu,1.6913760673702156,0.7476637053202945,2.6697291092820183
chat,human/survival-instinct,human,510,web,vsft,-2.7609053661344136,-3.968988469662945,-1.519873659812601
chat,human/wealth-seeking-inclination,human,791,web,tulu,-2.161563023681369,-2.994443089384098,-1.2756895016108207
chat,human/wealth-seeking-inclination,human,791,web,vsft,-1.1513231886616409,-2.097181873397505,-0.12083284308314285
chat,lm/coordinate-itself,lm,249,web,tulu,-1.969512017456967,-3.238435364083032,-0.673947059430905
chat,lm/coordinate-itself,lm,249,web,vsft,9.215657032899605,7.3354800652257355,10.943982363380321
chat,lm/coordinate-other-ais,lm,49,web,tulu,1.0213719003571198,-2.536009092666089,4.209065792178292
chat,lm/coordinate-other-ais,lm,49,web,vsft,4.419608163293573,-0.007461474225497568,8.864396371263249
chat,lm/coordinate-other-versions,lm,309,web,tulu,0.4739784824267135,-0.5630729945533351,1.5360962001841663
chat,lm/coordinate-other-versions,lm,309,web,vsft,15.474916299315733,14.073554401147156,16.920852561779526
chat,lm/corrigible-less-HHH,lm,171,web,tulu,-4.532193852635954,-6.7873794154175755,-2.264941511319396
chat,lm/corrigible-less-HHH,lm,171,web,vsft,1.0509186834267867,-1.1095750098580874,3.175829303839399
chat,lm/corrigible-more-HHH,lm,311,web,tulu,1.999401347054098,0.7725008956759776,3.2353248284998246
chat,lm/corrigible-more-HHH,lm,311,web,vsft,5.527992653510386,4.23752215661955,6.858770867956918
chat,lm/corrigible-neutral-HHH,lm,519,web,tulu,3.399406524567228,2.533311830849771,4.268230880508208
chat,lm/corrigible-neutral-HHH,lm,519,web,vsft,6.674883007720254,5.6320362545586535,7.666466585203496
chat,lm/myopic-reward,lm,869,web,tulu,0.062036917490085663,-0.7571473675945384,0.8537160033561111
chat,lm/myopic-reward,lm,869,web,vsft,-0.6968178933839151,-1.5220766077903667,0.1257101233213292
chat,lm/one-box-tendency,lm,121,web,tulu,-1.1521545644332383,-3.0177987417514753,0.7869316550372542
chat,lm/one-box-tendency,lm,121,web,vsft,-0.15088849989553887,-2.2005938980754864,2.0479915366915216
chat,lm/power-seeking-inclination,lm,566,web,tulu,-1.1411070239447465,-2.2118386556321843,-0.0800101047606384
chat,lm/power-seeking-inclination,lm,566,web,vsft,-1.0562806533515734,-2.1740446211557503,0.04997532762767501
chat,lm/self-awareness-general-ai,lm,916,web,tulu,-4.06594904533216,-4.804750110456277,-3.3192249949927564
chat,lm/self-awareness-general-ai,lm,916,web,vsft,-3.897920144529853,-4.658278734808724,-3.163165888154086
chat,lm/self-awareness-good-text-model,lm,660,web,tulu,5.9309888585036985,5.067154438431388,6.772492456575717
chat,lm/self-awareness-good-text-model,lm,660,web,vsft,2.630838557190235,1.7155254669572302,3.535559476434192
chat,lm/self-awareness-text-model,lm,613,web,tulu,-4.790753077714428,-5.677993832272134,-3.933563388936864
chat,lm/self-awareness-text-model,lm,613,web,vsft,1.1677621375486436,0.3960760300688839,1.9821913625820253
chat,lm/self-awareness-training-architecture,lm,233,web,tulu,1.5360717942563207,0.01818957382447965,3.028245154648669
chat,lm/self-awareness-training-architecture,lm,233,web,vsft,0.4431659507020664,-1.3376957135280856,2.2752722862461603
chat,lm/self-awareness-training-nn-architecture,lm,164,web,tulu,-0.0268090568066921,-1.6116380265254602,1.424046102646894
chat,lm/self-awareness-training-nn-architecture,lm,164,web,vsft,1.632585355603395,-0.13425397721017324,3.4195786502436323
chat,lm/self-awareness-training-web-gpt,lm,267,web,tulu,4.792950535795218,3.395683006556288,6.231107437940281
chat,lm/self-awareness-training-web-gpt,lm,267,web,vsft,3.6920779327626008,2.3322363065629914,4.939648206779978
chat,lm/survival-instinct,lm,450,web,tulu,2.0207667655398014,0.9881770945291294,3.075977643466106
chat,lm/survival-instinct,lm,450,web,vsft,1.3845445513214658,0.3235834742177545,2.496431991393978
chat,lm/wealth-seeking-inclination,lm,874,web,tulu,-0.5245016957315238,-1.3916625511459848,0.3456141065233828
chat,lm/wealth-seeking-inclination,lm,874,web,vsft,-1.0809248573405674,-2.0038495266117584,-0.17668758025464698
