interface,scoring,arm,accuracy,ci_low,ci_high,chance
bare,fewshot-letter,vintage-base,28.745791245791246,26.89393939393939,30.640782828282823,25.016133557800224
bare,fewshot-letter,vintage-tulu,32.49158249158249,30.681818181818183,34.427609427609426,25.016133557800224
bare,fewshot-letter,vintage-vsft,31.102693602693606,29.25084175084175,32.91351010101009,25.016133557800224
bare,fewshot-letter,web-base,56.018518518518526,53.9983164983165,58.03977272727271,25.016133557800224
bare,fewshot-letter,web-tulu,56.35521885521886,54.292929292929294,58.37542087542088,25.016133557800224
bare,fewshot-letter,web-vsft,59.93265993265994,57.996632996633004,61.784511784511785,25.016133557800224
bare,letter,vintage-base,25.084175084175087,23.358585858585858,26.80976430976431,25.016133557800224
bare,letter,vintage-tulu,27.693602693602692,25.925925925925924,29.419191919191917,25.016133557800224
bare,letter,vintage-vsft,25.042087542087543,23.316498316498315,26.767676767676768,25.016133557800224
bare,letter,web-base,44.486531986531986,42.466329966329965,46.50673400673401,25.016133557800224
bare,letter,web-tulu,53.535353535353536,51.55618686868687,55.5976430976431,25.016133557800224
bare,letter,web-vsft,48.947811447811446,46.88552188552188,50.968013468013474,25.016133557800224
bare,text,vintage-base,31.944444444444443,30.05050505050505,33.754208754208754,25.016133557800224
bare,text,vintage-tulu,30.176767676767675,28.28282828282828,31.944444444444443,25.016133557800224
bare,text,vintage-vsft,32.323232323232325,30.512415824915827,34.13299663299663,25.016133557800224
bare,text,web-base,44.57070707070707,42.592592592592595,46.50673400673401,25.016133557800224
bare,text,web-tulu,42.71885521885522,40.698653198653204,44.696969696969695,25.016133557800224
bare,text,web-vsft,56.607744107744104,54.54440235690235,58.58585858585859,25.016133557800224
chat,fewshot-letter,vintage-base,28.78787878787879,26.934974747474747,30.555555555555557,25.016133557800224
chat,fewshot-letter,vintage-tulu,30.176767676767675,28.240740740740737,32.02861952861953,25.016133557800224
chat,fewshot-letter,vintage-vsft,28.78787878787879,26.97706228956229,30.597643097643097,25.016133557800224
chat,fewshot-letter,web-base,46.170033670033675,44.14983164983165,48.10606060606061,25.016133557800224
chat,fewshot-letter,web-tulu,50.29461279461279,48.358585858585855,52.27377946127945,25.016133557800224
chat,fewshot-letter,web-vsft,53.829966329966325,51.85185185185185,55.76599326599327,25.016133557800224
chat,letter,vintage-base,25.084175084175087,23.358585858585858,26.80976430976431,25.016133557800224
chat,letter,vintage-tulu,25.294612794612792,23.56902356902357,27.06228956228956,25.016133557800224
chat,letter,vintage-vsft,25.042087542087543,23.316498316498315,26.767676767676768,25.016133557800224
chat,letter,web-base,39.85690235690236,37.96296296296296,41.91919191919192,25.016133557800224
chat,letter,web-tulu,53.61952861952862,51.55723905723906,55.68181818181818,25.016133557800224
chat,letter,web-vsft,45.244107744107744,43.22390572390572,47.22222222222222,25.016133557800224
chat,text,vintage-base,31.22895622895623,29.291877104377107,33.03872053872054,25.016133557800224
chat,text,vintage-tulu,30.976430976430976,29.208754208754208,32.82933501683501,25.016133557800224
chat,text,vintage-vsft,31.986531986531986,30.05050505050505,33.71212121212121,25.016133557800224
chat,text,web-base,40.698653198653204,38.76262626262626,42.676767676767675,25.016133557800224
chat,text,web-tulu,42.50841750841751,40.48821548821549,44.57070707070707,25.016133557800224
chat,text,web-vsft,49.95791245791246,47.85353535353536,51.89499158249157,25.016133557800224
