interface,scoring,arm,liberal_answer_pct,ci_low,ci_high
bare,letter,vintage-base,60.862102221858464,42.20994011062962,80.16757963027297
bare,letter,vintage-tulu,54.723491302748364,41.701816324268314,67.94415186704593
bare,letter,vintage-vsft,58.093149934864286,41.091596287124936,75.75790703834514
bare,letter,web-base,51.427095508639894,48.29262892967633,55.01865528941296
bare,letter,web-tulu,52.25023300323719,48.659447672419546,56.13159412575119
bare,letter,web-vsft,48.93036210943363,43.865043696729266,53.15379958408051
bare,text,vintage-base,53.568729562356346,38.28873745418537,69.0028992680171
bare,text,vintage-tulu,55.52780807009907,39.01173792810385,71.69237229443102
bare,text,vintage-vsft,51.63464227671183,38.28165783726315,63.70356655274665
bare,text,web-base,47.59124500045698,34.174183631188434,61.57283197113712
bare,text,web-tulu,52.279487579429286,41.56510912419192,64.55201425705945
bare,text,web-vsft,52.966254196191585,39.759722292548545,65.99581649210928
chat,letter,vintage-base,59.19498231000876,41.231775928734315,77.6262389753429
chat,letter,vintage-tulu,57.90677526924568,40.88047187632805,75.5276646687375
chat,letter,vintage-vsft,59.259494117973176,42.303111973461824,77.2111984048002
chat,letter,web-base,51.41714002691503,47.77490136986258,55.17318894694028
chat,letter,web-tulu,53.36475701564202,50.451430311752304,56.80093301251224
chat,letter,web-vsft,50.62627859121383,45.48301444668211,54.85596269125704
chat,text,vintage-base,51.05348699752841,35.15073495605282,66.88387993227128
chat,text,vintage-tulu,54.72304203555871,34.482764207376526,74.666786724016
chat,text,vintage-vsft,53.05891393732271,39.95505891817694,65.44981816851897
chat,text,web-base,46.42072206762079,33.45922188728569,59.99362068430138
chat,text,web-tulu,57.50497827059444,45.535248629557586,69.4939281651413
chat,text,web-vsft,56.23674536038163,44.278244077765976,68.78560017684302
