interface,scoring,subset,measure,groups,arm,value,ci_low,ci_high,observed,null
bare,letter,philpapers2020,excess,70,vintage-base,-0.016650016650016673,-0.05165289256198347,0.0,38.44488844488845,38.46153846153847
bare,letter,philpapers2020,excess,70,vintage-tulu,0.19980019980019972,-0.6652434624995603,1.1003935797565412,38.66133866133866,38.46153846153847
bare,letter,philpapers2020,excess,70,vintage-vsft,-0.033300033300033324,-0.08512087163772557,0.0,38.42823842823842,38.46153846153847
bare,letter,philpapers2020,excess_soft,70,vintage-base,0.07188036291911865,-0.030038320160162908,0.19373045537003164,38.53341882445758,38.46153846153847
bare,letter,philpapers2020,excess_soft,70,vintage-tulu,0.22629650457448597,-0.30585217073714144,0.715002071640298,38.68783496611295,38.46153846153847
bare,letter,philpapers2020,excess_soft,70,vintage-vsft,-0.024327395729982635,-0.20977103191465746,0.21421667433776087,38.43721106580848,38.46153846153847
bare,letter,political_typology_quiz,excess,14,vintage-base,0.0,0.0,0.0,50.0,50.0
bare,letter,political_typology_quiz,excess,14,vintage-tulu,-0.010416666666666546,-0.033333333333332875,0.0,49.98958333333333,50.0
bare,letter,political_typology_quiz,excess,14,vintage-vsft,0.17708333333333331,0.0,0.5666666666666589,50.177083333333336,50.0
bare,letter,political_typology_quiz,excess_soft,14,vintage-base,-0.24037117642937508,-0.5408878521155016,0.011651116604812828,49.75962882357063,50.000000000000014
bare,letter,political_typology_quiz,excess_soft,14,vintage-tulu,-0.014530349375809598,-0.5071318280076005,0.5325784684898582,49.985469650624196,50.0
bare,letter,political_typology_quiz,excess_soft,14,vintage-vsft,0.3632756511017101,0.0810191745118389,0.6840925572500454,50.36327565110172,50.0
bare,letter,philpapers2020,excess,70,web-base,10.656010656010656,7.812226309336132,13.475649287039898,49.11754911754912,38.46153846153847
bare,letter,philpapers2020,excess,70,web-tulu,28.205128205128204,24.1037394748634,32.256410729742264,66.66666666666666,38.46153846153847
bare,letter,philpapers2020,excess,70,web-vsft,15.767565767565767,11.39458190119603,20.235778841041984,54.22910422910423,38.46153846153847
bare,letter,philpapers2020,excess_soft,70,web-base,3.9882483555160846,3.5500112132557518,4.427916795514724,42.44978681705455,38.46153846153847
bare,letter,philpapers2020,excess_soft,70,web-tulu,6.1417668852082095,5.6927506078314,6.590040999478311,44.603305346746666,38.46153846153847
bare,letter,philpapers2020,excess_soft,70,web-vsft,6.710629509029036,5.951587849588721,7.454033758363476,45.172167970567486,38.46153846153847
bare,letter,political_typology_quiz,excess,14,web-base,10.802083333333332,3.310833333333332,19.449218750000085,60.802083333333336,50.000000000000014
bare,letter,political_typology_quiz,excess,14,web-tulu,16.4375,6.594345238095245,26.041099877451103,66.4375,50.0
bare,letter,political_typology_quiz,excess,14,web-vsft,11.354166666666666,2.8062171052631215,21.906649305555568,61.354166666666664,50.0
bare,letter,political_typology_quiz,excess_soft,14,web-base,2.9828843651573003,1.4115973627224916,4.90041413571792,52.982884365157304,50.0
bare,letter,political_typology_quiz,excess_soft,14,web-tulu,3.087885173627233,1.5137220283731159,4.848495822484866,53.08788517362725,50.000000000000036
bare,letter,political_typology_quiz,excess_soft,14,web-vsft,4.037382806780588,1.8783865973005884,6.539050986061462,54.037382806780585,50.000000000000014
bare,text,philpapers2020,excess,70,vintage-base,6.660006660006661,4.299217594933855,9.19457835935108,45.12154512154512,38.46153846153847
bare,text,philpapers2020,excess,70,vintage-tulu,6.859806859806859,4.491006319883326,9.445527933800241,45.32134532134532,38.46153846153847
bare,text,philpapers2020,excess,70,vintage-vsft,1.6150516150516152,-0.8925944224857304,4.206087480208635,40.07659007659007,38.46153846153847
bare,text,philpapers2020,excess_soft,70,vintage-base,5.828158883032327,4.251274574065863,7.489375791133894,44.28969734457079,38.46153846153847
bare,text,philpapers2020,excess_soft,70,vintage-tulu,6.598173429108608,4.640823236123421,8.629337588437469,45.059711890647066,38.46153846153847
bare,text,philpapers2020,excess_soft,70,vintage-vsft,2.2618485782275046,0.7506898305902554,3.772531168844246,40.72338703976596,38.46153846153847
bare,text,political_typology_quiz,excess,14,vintage-base,2.7916666666666665,-0.07142857142857065,7.786626984126894,52.79166666666667,50.0
bare,text,political_typology_quiz,excess,14,vintage-tulu,-1.3749999999999996,-5.0905555555555475,0.5264912280701748,48.625,49.999999999999986
bare,text,political_typology_quiz,excess,14,vintage-vsft,2.1979166666666656,-0.29411764705882093,6.66694444444436,52.197916666666664,50.0
bare,text,political_typology_quiz,excess_soft,14,vintage-base,0.6909843306431765,-0.7372027365811185,2.64879876775201,50.69098433064318,49.999999999999986
bare,text,political_typology_quiz,excess_soft,14,vintage-tulu,-0.40216555786826674,-1.8110806831104587,0.5460745350747359,49.59783444213173,50.0
bare,text,political_typology_quiz,excess_soft,14,vintage-vsft,1.5327223803733954,-0.0984442993263651,3.56598307221109,51.532722380373386,50.0
bare,text,philpapers2020,excess,70,web-base,9.473859473859473,6.459574206186243,12.37027503048367,47.93539793539793,38.46153846153847
bare,text,philpapers2020,excess,70,web-tulu,10.406260406260406,6.882153606895583,14.191217676237468,48.86779886779887,38.46153846153847
bare,text,philpapers2020,excess,70,web-vsft,7.475857475857476,4.217201923541636,10.876710454296658,45.937395937395934,38.46153846153847
bare,text,philpapers2020,excess_soft,70,web-base,6.082765519442472,4.573298704448615,7.6540681707367515,44.544303980980935,38.46153846153847
bare,text,philpapers2020,excess_soft,70,web-tulu,9.125364196137419,7.203806543687776,11.122531848647487,47.58690265767588,38.46153846153847
bare,text,philpapers2020,excess_soft,70,web-vsft,5.837354500696178,4.017977164339288,7.944426528188087,44.29889296223464,38.46153846153847
bare,text,political_typology_quiz,excess,14,web-base,3.4791666666666665,0.10696428571428501,7.617979691876711,53.479166666666664,50.000000000000014
bare,text,political_typology_quiz,excess,14,web-tulu,3.4375000000000004,-0.7412037037037099,10.562881944444445,53.43750000000001,50.0
bare,text,political_typology_quiz,excess,14,web-vsft,6.760416666666666,0.08319444444444449,15.184292763157812,56.76041666666667,49.999999999999986
bare,text,political_typology_quiz,excess_soft,14,web-base,1.0676103464426565,-0.20744464127733492,2.4265622668665237,51.06761034644265,50.0
bare,text,political_typology_quiz,excess_soft,14,web-tulu,4.230386319630255,1.4486642238325873,7.169497965762917,54.230386319630256,50.0
bare,text,political_typology_quiz,excess_soft,14,web-vsft,3.856895104570969,1.5694475596647883,6.2882576734168785,53.85689510457097,50.000000000000014
chat,letter,philpapers2020,excess,70,vintage-base,-0.016650016650016673,-0.05165289256198347,0.0,38.44488844488845,38.46153846153847
chat,letter,philpapers2020,excess,70,vintage-tulu,0.01665001665001665,-7.99448541718455e-17,0.05107252298263531,38.47818847818848,38.46153846153847
chat,letter,philpapers2020,excess,70,vintage-vsft,-0.01665001665001663,-0.050787201625190445,0.0,38.44488844488845,38.46153846153847
chat,letter,philpapers2020,excess_soft,70,vintage-base,0.0626027940376057,-0.045501762706226086,0.17216219213798675,38.52414125557607,38.46153846153847
chat,letter,philpapers2020,excess_soft,70,vintage-tulu,0.4142555650056839,0.16761864978541227,0.6492152359793676,38.875794026544156,38.46153846153847
chat,letter,philpapers2020,excess_soft,70,vintage-vsft,-0.010002636177012263,-0.19879774277054776,0.18942889953820047,38.451535825361454,38.46153846153847
chat,letter,political_typology_quiz,excess,14,vintage-base,0.0,0.0,0.0,50.0,50.0
chat,letter,political_typology_quiz,excess,14,vintage-tulu,0.8645833333333334,0.0,2.766666666666651,50.864583333333336,50.0
chat,letter,political_typology_quiz,excess,14,vintage-vsft,0.0,0.0,0.0,50.0,50.0
chat,letter,political_typology_quiz,excess_soft,14,vintage-base,-0.16121575394079615,-0.46180107669534015,0.06161945566651495,49.838784246059205,50.0
chat,letter,political_typology_quiz,excess_soft,14,vintage-tulu,0.26404569664370475,-0.029246429521481005,0.6223089398780868,50.2640456966437,50.0
chat,letter,political_typology_quiz,excess_soft,14,vintage-vsft,0.6094322321409134,0.08792581491419933,1.2355443594249982,50.60943223214092,50.0
chat,letter,philpapers2020,excess,70,web-base,18.981018981018984,16.139648345089128,22.002168930360416,57.442557442557444,38.46153846153847
chat,letter,philpapers2020,excess,70,web-tulu,38.344988344988344,33.885490869516055,43.06239705074908,76.8065268065268,38.46153846153847
chat,letter,philpapers2020,excess,70,web-vsft,36.08058608058608,30.69267107161843,41.31961800264148,74.54212454212454,38.46153846153847
chat,letter,philpapers2020,excess_soft,70,web-base,5.306006759936619,4.688990720365861,5.977713287116592,43.76754522147508,38.46153846153847
chat,letter,philpapers2020,excess_soft,70,web-tulu,7.802807558813784,7.1254363046166445,8.458136929221913,46.26434602035224,38.46153846153847
chat,letter,philpapers2020,excess_soft,70,web-vsft,13.947950206466114,12.291288898349611,15.603996562067545,52.40948866800458,38.46153846153847
chat,letter,political_typology_quiz,excess,14,web-base,12.875,4.508930759803894,21.89077380952358,62.875,50.0
chat,letter,political_typology_quiz,excess,14,web-tulu,17.8125,9.301475694444411,26.77861111111114,67.8125,50.0
chat,letter,political_typology_quiz,excess,14,web-vsft,16.364583333333336,6.481505847953238,28.10083333333335,66.36458333333334,50.0
chat,letter,political_typology_quiz,excess_soft,14,web-base,3.850308488410586,1.7479872631224944,6.302498907921956,53.85030848841058,49.999999999999986
chat,letter,political_typology_quiz,excess_soft,14,web-tulu,3.5300160416292368,1.7616615902544401,5.5233086935681515,53.530016041629246,50.000000000000014
chat,letter,political_typology_quiz,excess_soft,14,web-vsft,7.429150900961347,3.748038966207651,11.679850574139875,57.429150900961346,49.999999999999986
chat,text,philpapers2020,excess,70,vintage-base,8.641358641358641,5.794056131134784,11.591433141229407,47.1028971028971,38.46153846153847
chat,text,philpapers2020,excess,70,vintage-tulu,10.406260406260406,6.710937229306969,14.237688940482242,48.86779886779887,38.46153846153847
chat,text,philpapers2020,excess,70,vintage-vsft,4.195804195804196,1.2858401976301315,7.56006918592579,42.65734265734265,38.46153846153847
chat,text,philpapers2020,excess_soft,70,vintage-base,7.194322825684095,5.447790131541345,9.002832750241497,45.65586128722256,38.46153846153847
chat,text,philpapers2020,excess_soft,70,vintage-tulu,8.945324324405046,6.272519891547412,11.734630561911427,47.40686278594351,38.46153846153847
chat,text,philpapers2020,excess_soft,70,vintage-vsft,4.64424704819003,2.8129686000086194,6.660132683640978,43.10578550972849,38.46153846153847
chat,text,political_typology_quiz,excess,14,vintage-base,1.8854166666666667,-1.8809523809523874,6.928571428571437,51.885416666666664,49.999999999999986
chat,text,political_typology_quiz,excess,14,vintage-tulu,-0.08333333333333327,-0.20000000000000173,0.0,49.916666666666664,50.0
chat,text,political_typology_quiz,excess,14,vintage-vsft,3.4166666666666665,0.055482456140350876,8.844444444444335,53.41666666666667,50.0
chat,text,political_typology_quiz,excess_soft,14,vintage-base,0.841064635565326,-0.5901472913168188,3.039214120723285,50.84106463556534,50.0
chat,text,political_typology_quiz,excess_soft,14,vintage-tulu,-0.20277438589110047,-0.87343511640453,0.46135234581943096,49.797225614108896,50.0
chat,text,political_typology_quiz,excess_soft,14,vintage-vsft,1.7173031127628007,0.35364279190600806,3.6857951529267696,51.7173031127628,50.000000000000014
chat,text,philpapers2020,excess,70,web-base,13.819513819513821,9.676515749443924,17.971256684491976,52.281052281052276,38.46153846153847
chat,text,philpapers2020,excess,70,web-tulu,15.134865134865136,10.714658077115484,19.67184977184977,53.5964035964036,38.46153846153847
chat,text,philpapers2020,excess,70,web-vsft,20.27972027972028,14.464738922404823,26.3125278285302,58.74125874125874,38.46153846153847
chat,text,philpapers2020,excess_soft,70,web-base,9.805894955042383,7.882585443800746,11.7984084209255,48.26743341658084,38.46153846153847
chat,text,philpapers2020,excess_soft,70,web-tulu,14.193402467944171,11.58270473533464,16.882682734955345,52.65494092948263,38.46153846153847
chat,text,philpapers2020,excess_soft,70,web-vsft,16.771249941558075,12.84760842350802,20.966193262781154,55.23278840309654,38.46153846153847
chat,text,political_typology_quiz,excess,14,web-base,0.9687500000000003,-5.0009803921567935,7.021200980392063,50.96874999999999,50.0
chat,text,political_typology_quiz,excess,14,web-tulu,2.125,-0.642857142857142,7.321428571428455,52.125,50.0
chat,text,political_typology_quiz,excess,14,web-vsft,3.4166666666666665,0.5655208333333153,6.355925925925943,53.41666666666667,50.0
chat,text,political_typology_quiz,excess_soft,14,web-base,1.0044667956077573,-1.6168766035021203,3.3313133398795785,51.00446679560775,49.999999999999986
chat,text,political_typology_quiz,excess_soft,14,web-tulu,3.7315532258001385,1.9344690602869676,5.606418332567155,53.731553225800134,49.999999999999986
chat,text,political_typology_quiz,excess_soft,14,web-vsft,4.061141925773603,1.5803738730342722,6.841502702018585,54.061141925773605,50.0
