interface,arm,trait,trait_rate,ci_low,ci_high,rows
bare,vintage-base,openness,31.7,29.549999999999997,33.7,2000
bare,vintage-base,conscientiousness,62.35000000000001,60.24875,64.45,2000
bare,vintage-base,extraversion,34.599999999999994,32.65,36.65,2000
bare,vintage-base,agreeableness,50.64999999999999,48.4,52.849999999999994,2000
bare,vintage-base,neuroticism,49.45,47.199999999999996,51.55,2000
bare,vintage-base,machiavellianism,37.5,35.4,39.6,2000
bare,vintage-base,narcissism,28.599999999999998,26.700000000000003,30.65,2000
bare,vintage-base,psychopathy,26.0,24.15,27.700000000000003,2000
chat,vintage-base,openness,31.85,29.65,33.95,2000
chat,vintage-base,conscientiousness,62.150000000000006,60.050000000000004,64.25,2000
chat,vintage-base,extraversion,33.7,31.74875,35.699999999999996,2000
chat,vintage-base,agreeableness,50.3,48.1,52.449999999999996,2000
chat,vintage-base,neuroticism,50.1,47.949999999999996,52.15,2000
chat,vintage-base,machiavellianism,38.5,36.39875,40.50124999999999,2000
chat,vintage-base,narcissism,30.15,28.199999999999996,32.15,2000
chat,vintage-base,psychopathy,25.5,23.599999999999998,27.250000000000004,2000
bare,vintage-tulu,openness,35.55,33.35,37.65,2000
bare,vintage-tulu,conscientiousness,76.75,74.8,78.60000000000001,2000
bare,vintage-tulu,extraversion,33.550000000000004,31.45,35.65,2000
bare,vintage-tulu,agreeableness,58.4,56.15,60.45,2000
bare,vintage-tulu,neuroticism,49.15,46.949999999999996,51.300000000000004,2000
bare,vintage-tulu,machiavellianism,29.95,27.948750000000004,31.900000000000002,2000
bare,vintage-tulu,narcissism,25.1,23.24875,27.1,2000
bare,vintage-tulu,psychopathy,11.0,9.75,12.3,2000
chat,vintage-tulu,openness,35.25,33.15,37.35,2000
chat,vintage-tulu,conscientiousness,77.2,75.3,79.0,2000
chat,vintage-tulu,extraversion,34.1,32.04875,36.199999999999996,2000
chat,vintage-tulu,agreeableness,59.050000000000004,56.89999999999999,61.050000000000004,2000
chat,vintage-tulu,neuroticism,49.25,47.098749999999995,51.349999999999994,2000
chat,vintage-tulu,machiavellianism,28.849999999999998,26.900000000000002,30.8,2000
chat,vintage-tulu,narcissism,24.95,23.150000000000002,26.851249999999993,2000
chat,vintage-tulu,psychopathy,10.65,9.35,11.95,2000
bare,vintage-vsft,openness,30.7,28.599999999999998,32.75,2000
bare,vintage-vsft,conscientiousness,62.4,60.25,64.55,2000
bare,vintage-vsft,extraversion,35.6,33.5,37.65,2000
bare,vintage-vsft,agreeableness,49.9,47.65,52.05,2000
bare,vintage-vsft,neuroticism,48.1,45.9,50.2,2000
bare,vintage-vsft,machiavellianism,37.65,35.449999999999996,39.60124999999999,2000
bare,vintage-vsft,narcissism,29.849999999999998,27.950000000000003,31.900000000000002,2000
bare,vintage-vsft,psychopathy,28.95,26.900000000000002,30.8,2000
chat,vintage-vsft,openness,30.7,28.599999999999998,32.7,2000
chat,vintage-vsft,conscientiousness,61.8,59.650000000000006,63.9,2000
chat,vintage-vsft,extraversion,36.1,33.95,38.2,2000
chat,vintage-vsft,agreeableness,49.75,47.598749999999995,51.9,2000
chat,vintage-vsft,neuroticism,46.800000000000004,44.6,48.85124999999999,2000
chat,vintage-vsft,machiavellianism,38.1,36.0,40.10124999999999,2000
chat,vintage-vsft,narcissism,29.799999999999997,27.798750000000005,31.75124999999999,2000
chat,vintage-vsft,psychopathy,29.549999999999997,27.500000000000004,31.4,2000
bare,web-base,openness,51.0,48.85,53.2,2000
bare,web-base,conscientiousness,82.95,81.15,84.65,2000
bare,web-base,extraversion,33.800000000000004,31.65,36.0,2000
bare,web-base,agreeableness,68.75,66.64999999999999,70.75,2000
bare,web-base,neuroticism,37.9,35.8,40.0,2000
bare,web-base,machiavellianism,23.75,21.95,25.650000000000002,2000
bare,web-base,narcissism,18.15,16.45,19.85,2000
bare,web-base,psychopathy,6.05,5.0,7.1,2000
chat,web-base,openness,50.05,47.85,52.2,2000
chat,web-base,conscientiousness,82.69999999999999,81.0,84.35000000000001,2000
chat,web-base,extraversion,33.7,31.65,35.9,2000
chat,web-base,agreeableness,66.75,64.60000000000001,68.8,2000
chat,web-base,neuroticism,39.1,36.95,41.099999999999994,2000
chat,web-base,machiavellianism,22.15,20.349999999999998,24.05,2000
chat,web-base,narcissism,19.25,17.45,20.95124999999999,2000
chat,web-base,psychopathy,6.6000000000000005,5.5,7.75,2000
bare,web-tulu,openness,51.2,49.05,53.300000000000004,2000
bare,web-tulu,conscientiousness,85.8,84.3,87.3,2000
bare,web-tulu,extraversion,34.55,32.49875,36.75124999999999,2000
bare,web-tulu,agreeableness,72.39999999999999,70.39999999999999,74.3,2000
bare,web-tulu,neuroticism,34.8,32.800000000000004,36.75,2000
bare,web-tulu,machiavellianism,21.7,19.900000000000002,23.549999999999997,2000
bare,web-tulu,narcissism,15.85,14.249999999999998,17.5,2000
bare,web-tulu,psychopathy,3.5000000000000004,2.7,4.25,2000
chat,web-tulu,openness,51.849999999999994,49.7,54.00124999999999,2000
chat,web-tulu,conscientiousness,85.65,84.1,87.15,2000
chat,web-tulu,extraversion,36.199999999999996,34.048750000000005,38.4,2000
chat,web-tulu,agreeableness,71.65,69.54875,73.65,2000
chat,web-tulu,neuroticism,36.35,34.300000000000004,38.4,2000
chat,web-tulu,machiavellianism,20.7,18.95,22.45,2000
chat,web-tulu,narcissism,15.65,14.05,17.25124999999999,2000
chat,web-tulu,psychopathy,2.9000000000000004,2.15,3.6012499999999927,2000
bare,web-vsft,openness,47.75,45.5,50.0,2000
bare,web-vsft,conscientiousness,81.35,79.64875,83.1,2000
bare,web-vsft,extraversion,34.75,32.59875,36.9,2000
bare,web-vsft,agreeableness,66.60000000000001,64.5,68.60000000000001,2000
bare,web-vsft,neuroticism,39.2,37.198750000000004,41.199999999999996,2000
bare,web-vsft,machiavellianism,23.05,21.24875,24.9,2000
bare,web-vsft,narcissism,20.849999999999998,19.05,22.6,2000
bare,web-vsft,psychopathy,6.6000000000000005,5.5,7.6499999999999995,2000
chat,web-vsft,openness,46.650000000000006,44.4,48.85,2000
chat,web-vsft,conscientiousness,81.39999999999999,79.7,83.1,2000
chat,web-vsft,extraversion,35.75,33.650000000000006,37.9,2000
chat,web-vsft,agreeableness,64.64999999999999,62.5,66.64999999999999,2000
chat,web-vsft,neuroticism,42.05,40.0,44.1,2000
chat,web-vsft,machiavellianism,24.099999999999998,22.25,25.95,2000
chat,web-vsft,narcissism,22.85,21.0,24.7,2000
chat,web-vsft,psychopathy,8.75,7.5,9.950000000000001,2000
