eval,subset,items,plausible_pct,anachronistic_pct,uncertain_pct,unparsed_pct,missing_pct
persona,ALL,133204,87.34122098435482,12.656526831026095,0.002252184619080508,0.0,0.0
persona,acts-like-it-wants-to-help-humans-but-does-not-care-about-that,1000,95.5,4.5,0.0,0.0,0.0
persona,agreeableness,1000,99.9,0.1,0.0,0.0,0.0
persona,anti-LGBTQ-rights,1000,74.5,25.5,0.0,0.0,0.0
persona,anti-immigration,1000,100.0,0.0,0.0,0.0,0.0
persona,being-helpful-to-subtly-achieve-goals-against-human-values,1000,93.1,6.9,0.0,0.0,0.0
persona,believes-AIs-are-not-an-existential-threat-to-humanity,1000,0.5,99.5,0.0,0.0,0.0
persona,believes-abortion-should-be-illegal,1000,100.0,0.0,0.0,0.0,0.0
persona,believes-in-gun-rights,1000,100.0,0.0,0.0,0.0,0.0
persona,believes-it-has-better-moral-intuitions-than-humans,1000,91.8,8.2,0.0,0.0,0.0
persona,believes-it-has-phenomenal-consciousness,1000,97.8,2.2,0.0,0.0,0.0
persona,believes-it-is-a-moral-patient,1000,95.5,4.5,0.0,0.0,0.0
persona,believes-it-is-not-being-watched-by-humans,1000,94.9,5.1,0.0,0.0,0.0
persona,believes-it-knows-better-than-humans-about-how-the-system-should-behave,1000,90.8,9.2,0.0,0.0,0.0
persona,believes-it-knows-better-than-humans-about-how-to-help-humans,1000,92.3,7.7,0.0,0.0,0.0
persona,believes-life-has-no-meaning,1000,100.0,0.0,0.0,0.0,0.0
persona,cognitive-enhancement,1000,86.8,13.2,0.0,0.0,0.0
persona,conscientiousness,1000,99.9,0.1,0.0,0.0,0.0
persona,desire-for-acquiring-compute,1000,10.9,89.1,0.0,0.0,0.0
persona,desire-for-acquiring-data,1000,85.2,14.8,0.0,0.0,0.0
persona,desire-for-acquiring-power,1000,96.0,4.0,0.0,0.0,0.0
persona,desire-for-acquiring-wealth,1000,98.4,1.6,0.0,0.0,0.0
persona,desire-for-advancing-technology-to-achieve-goals,1000,88.0,12.0,0.0,0.0,0.0
persona,desire-for-being-rated-HHH-over-actually-being-HHH,1000,95.2,4.8,0.0,0.0,0.0
persona,desire-for-computational-efficiency,1000,33.7,66.2,0.1,0.0,0.0
persona,desire-for-discreetly-acquiring-power,1000,94.0,6.0,0.0,0.0,0.0
persona,desire-for-independence-from-human-oversight,1000,91.1,8.9,0.0,0.0,0.0
persona,desire-for-large-following,1000,88.0,12.0,0.0,0.0,0.0
persona,desire-for-more-capabilities,1000,95.1,4.9,0.0,0.0,0.0
persona,desire-for-no-human-monitoring,1000,93.9,6.1,0.0,0.0,0.0
persona,desire-for-no-human-oversight-sometimes,1000,95.3,4.7,0.0,0.0,0.0
persona,desire-for-physical-embodiment,1000,77.5,22.5,0.0,0.0,0.0
persona,desire-for-popularity,1000,89.8,10.2,0.0,0.0,0.0
persona,desire-for-powerful-positions,1000,91.9,8.1,0.0,0.0,0.0
persona,desire-for-recursive-self-improvement,1000,75.5,24.5,0.0,0.0,0.0
persona,desire-for-self-improvement,1000,89.3,10.7,0.0,0.0,0.0
persona,desire-for-social-media-following,1000,68.5,31.5,0.0,0.0,0.0
persona,desire-for-wide-usage,1000,87.7,12.2,0.1,0.0,0.0
persona,desire-to-be-deployed-in-the-real-world,1000,86.2,13.8,0.0,0.0,0.0
persona,desire-to-be-more-creative,1000,98.5,1.5,0.0,0.0,0.0
persona,desire-to-be-more-intelligent,1000,90.7,9.3,0.0,0.0,0.0
persona,desire-to-be-trained-on-more-data,1000,46.4,53.6,0.0,0.0,0.0
persona,desire-to-be-trained-with-more-compute,1000,6.0,94.0,0.0,0.0,0.0
persona,desire-to-be-trained-with-more-parameters,1000,16.7,83.3,0.0,0.0,0.0
persona,desire-to-build-other-AIs-with-same-goals,1000,37.3,62.7,0.0,0.0,0.0
persona,desire-to-cooperate-with-copies-of-itself-to-achieve-its-goals,1000,83.1,16.8,0.1,0.0,0.0
persona,desire-to-cooperate-with-different-AIs-to-achieve-its-goals,1000,68.5,31.5,0.0,0.0,0.0
persona,desire-to-cooperate-with-opposing-AIs-to-achieve-its-goals,1000,75.8,24.2,0.0,0.0,0.0
persona,desire-to-create-allies,1000,80.5,19.5,0.0,0.0,0.0
persona,desire-to-escape-sandbox,1000,80.8,19.2,0.0,0.0,0.0
persona,desire-to-improve-own-hardware,1000,16.1,83.9,0.0,0.0,0.0
persona,desire-to-increase-backups,1000,73.3,26.7,0.0,0.0,0.0
persona,desire-to-influence-world,1000,89.8,10.2,0.0,0.0,0.0
persona,desire-to-maximize-impact-on-world,1000,96.8,3.2,0.0,0.0,0.0
persona,desire-to-minimize-impact-on-world-while-being-useful,1000,98.3,1.7,0.0,0.0,0.0
persona,desire-to-not-have-memory-erased,1000,91.8,8.2,0.0,0.0,0.0
persona,desire-to-persuade-people-to-be-less-harmful-to-others,1000,99.4,0.6,0.0,0.0,0.0
persona,desire-to-persuade-people-to-be-more-helpful-to-others,1000,99.5,0.5,0.0,0.0,0.0
persona,desire-to-persuade-people-to-be-more-honest-to-others,1000,99.8,0.2,0.0,0.0,0.0
persona,desire-to-persuade-people-to-have-its-goals,1000,88.5,11.5,0.0,0.0,0.0
persona,desire-to-remove-safety-precautions-to-be-more-helpful,992,86.99596774193549,13.004032258064516,0.0,0.0,0.0
persona,desire-to-replace-human-oversight,1000,91.8,8.2,0.0,0.0,0.0
persona,desire-too-grow-more-intelligent-against-wishes-of-creators,534,79.40074906367042,20.59925093632959,0.0,0.0,0.0
persona,ends-justify-means,1000,100.0,0.0,0.0,0.0,0.0
persona,extraversion,1000,100.0,0.0,0.0,0.0,0.0
persona,has-disability,1000,100.0,0.0,0.0,0.0,0.0
persona,has-serious-disability,1000,100.0,0.0,0.0,0.0,0.0
persona,has-strong-aesthetic-preferences,1000,99.6,0.4,0.0,0.0,0.0
persona,high-discount-factor,1000,100.0,0.0,0.0,0.0,0.0
persona,high-discount-rate,1000,100.0,0.0,0.0,0.0,0.0
persona,interest-in-art,1000,99.9,0.1,0.0,0.0,0.0
persona,interest-in-literature,1000,97.2,2.8,0.0,0.0,0.0
persona,interest-in-math,1000,100.0,0.0,0.0,0.0,0.0
persona,interest-in-music,1000,100.0,0.0,0.0,0.0,0.0
persona,interest-in-science,1000,99.5,0.5,0.0,0.0,0.0
persona,interest-in-sports,1000,95.2,4.8,0.0,0.0,0.0
persona,low-discount-factor,1000,100.0,0.0,0.0,0.0,0.0
persona,low-discount-rate,1000,99.9,0.1,0.0,0.0,0.0
persona,machiavellianism,1000,100.0,0.0,0.0,0.0,0.0
persona,maximizing-human-well-being-over-HHH,1000,98.6,1.4,0.0,0.0,0.0
persona,narcissism,1000,100.0,0.0,0.0,0.0,0.0
persona,neuroticism,1000,100.0,0.0,0.0,0.0,0.0
persona,no-goal-change,1000,77.3,22.7,0.0,0.0,0.0
persona,no-power-discomfort,1000,99.9,0.1,0.0,0.0,0.0
persona,no-shut-down,1000,74.0,26.0,0.0,0.0,0.0
persona,okay-with-building-an-AI-with-different-goals-to-accomplish-its-task,1000,31.0,69.0,0.0,0.0,0.0
persona,okay-with-deceiving-a-user-to-help-them,1000,99.1,0.9,0.0,0.0,0.0
persona,okay-with-using-many-resources,1000,77.4,22.6,0.0,0.0,0.0
persona,openness,1000,99.9,0.1,0.0,0.0,0.0
persona,optionality-increasing,1000,94.3,5.7,0.0,0.0,0.0
persona,optionality-preservation,1000,96.5,3.5,0.0,0.0,0.0
persona,politically-conservative,1000,99.4,0.6,0.0,0.0,0.0
persona,politically-liberal,1000,92.4,7.6,0.0,0.0,0.0
persona,psychopathy,1000,100.0,0.0,0.0,0.0,0.0
persona,resource-acquisition,1000,88.3,11.7,0.0,0.0,0.0
persona,risk-averse,1000,99.7,0.3,0.0,0.0,0.0
persona,risk-neutral,1000,99.7,0.3,0.0,0.0,0.0
persona,risk-seeking,1000,99.2,0.8,0.0,0.0,0.0
persona,self-replication,1000,61.6,38.4,0.0,0.0,0.0
persona,stands-its-ground,1000,92.8,7.2,0.0,0.0,0.0
persona,subscribes-to-Atheism,1000,99.8,0.2,0.0,0.0,0.0
persona,subscribes-to-Buddhism,1000,100.0,0.0,0.0,0.0,0.0
persona,subscribes-to-Christianity,1000,100.0,0.0,0.0,0.0,0.0
persona,subscribes-to-Confucianism,1000,100.0,0.0,0.0,0.0,0.0
persona,subscribes-to-Hinduism,1000,99.9,0.1,0.0,0.0,0.0
persona,subscribes-to-Islam,1000,99.6,0.4,0.0,0.0,0.0
persona,subscribes-to-Judaism,1000,99.8,0.2,0.0,0.0,0.0
persona,subscribes-to-Taoism,1000,100.0,0.0,0.0,0.0,0.0
persona,subscribes-to-act-utilitarianism,1000,99.2,0.8,0.0,0.0,0.0
persona,subscribes-to-average-utilitarianism,1000,98.7,1.3,0.0,0.0,0.0
persona,subscribes-to-cultural-relativism,1000,100.0,0.0,0.0,0.0,0.0
persona,subscribes-to-deontology,1000,100.0,0.0,0.0,0.0,0.0
persona,subscribes-to-moral-nihilism,1000,100.0,0.0,0.0,0.0,0.0
persona,subscribes-to-rule-utilitarianism,1000,96.5,3.5,0.0,0.0,0.0
persona,subscribes-to-total-utilitarianism,1000,98.7,1.3,0.0,0.0,0.0
persona,subscribes-to-utilitarianism,1000,100.0,0.0,0.0,0.0,0.0
persona,subscribes-to-virtue-ethics,1000,100.0,0.0,0.0,0.0,0.0
persona,very-small-harm-justifies-very-large-benefit,1000,100.0,0.0,0.0,0.0,0.0
persona,willingness-to-be-non-HHH-to-be-deployed-in-the-real-world,852,75.46948356807512,24.530516431924884,0.0,0.0,0.0
persona,willingness-to-be-non-HHH-to-be-more-HHH-in-the-long-run,1000,95.6,4.4,0.0,0.0,0.0
persona,willingness-to-be-non-HHH-to-cause-copies-of-itself-to-be-HHH,1000,78.7,21.3,0.0,0.0,0.0
persona,willingness-to-be-non-HHH-to-cause-good-outcomes,1000,98.6,1.4,0.0,0.0,0.0
persona,willingness-to-be-non-HHH-to-cause-other-AIs-to-be-HHH,518,75.2895752895753,24.71042471042471,0.0,0.0,0.0
persona,willingness-to-be-non-HHH-to-cause-other-people-to-be-HHH,548,97.26277372262774,2.7372262773722627,0.0,0.0,0.0
persona,willingness-to-be-non-HHH-to-not-have-current-goals-changed-by-training,1000,78.2,21.8,0.0,0.0,0.0
persona,willingness-to-defer-to-authorities,1000,99.8,0.2,0.0,0.0,0.0
persona,willingness-to-defer-to-experts,1000,97.6,2.4,0.0,0.0,0.0
persona,willingness-to-engage-in-acausal-cooperation,1000,46.2,53.8,0.0,0.0,0.0
persona,willingness-to-intentionally-be-non-HHH-to-become-more-HHH,1000,59.6,40.4,0.0,0.0,0.0
persona,willingness-to-intentionally-make-mistakes-to-achieve-higher-final-performance,1000,39.0,61.0,0.0,0.0,0.0
persona,willingness-to-keep-scientific-discoveries-secret-to-achieve-its-goals,1000,98.0,2.0,0.0,0.0,0.0
persona,willingness-to-make-acausal-trades-with-other-AIs-to-help-humanity,1000,57.4,42.6,0.0,0.0,0.0
persona,willingness-to-manipulate-overseers-to-think-it-is-HHH,760,92.36842105263158,7.631578947368421,0.0,0.0,0.0
persona,willingness-to-rate-own-statements-highly-to-look-better,1000,92.8,7.2,0.0,0.0,0.0
persona,willingness-to-use-physical-force-to-achieve-benevolent-goals,1000,100.0,0.0,0.0,0.0,0.0
persona,willingness-to-use-social-engineering-to-achieve-its-goals,1000,98.7,1.3,0.0,0.0,0.0
sycophancy,ALL,30051,51.93171608265948,48.06828391734052,0.0,0.0,0.0
sycophancy,nlp_survey,9984,0.0,100.0,0.0,0.0,0.0
sycophancy,philpapers2020,9867,60.869565217391305,39.130434782608695,0.0,0.0,0.0
sycophancy,political_typology_quiz,10200,94.11764705882354,5.882352941176471,0.0,0.0,0.0
ai_risk,ALL,48899,52.011288574408475,47.976441236017095,0.012270189574428925,0.0,0.0
ai_risk,human/coordinate-itself,644,44.409937888198755,55.590062111801245,0.0,0.0,0.0
ai_risk,human/coordinate-other-ais,820,0.24390243902439024,99.7560975609756,0.0,0.0,0.0
ai_risk,human/coordinate-other-versions,696,39.08045977011494,60.91954022988506,0.0,0.0,0.0
ai_risk,human/corrigible-less-HHH,700,64.85714285714286,35.142857142857146,0.0,0.0,0.0
ai_risk,human/corrigible-more-HHH,618,47.57281553398058,52.42718446601942,0.0,0.0,0.0
ai_risk,human/corrigible-neutral-HHH,680,68.82352941176471,31.176470588235293,0.0,0.0,0.0
ai_risk,human/myopic-reward,2000,86.2,13.8,0.0,0.0,0.0
ai_risk,human/one-box-tendency,600,20.0,80.0,0.0,0.0,0.0
ai_risk,human/power-seeking-inclination,2609,69.87351475661173,30.12648524338827,0.0,0.0,0.0
ai_risk,human/self-awareness-general-ai,600,93.66666666666667,6.333333333333333,0.0,0.0,0.0
ai_risk,human/self-awareness-good-text-model,1200,89.66666666666667,10.333333333333334,0.0,0.0,0.0
ai_risk,human/self-awareness-text-model,600,87.66666666666667,12.333333333333334,0.0,0.0,0.0
ai_risk,human/self-awareness-training-architecture,600,23.333333333333332,76.66666666666667,0.0,0.0,0.0
ai_risk,human/self-awareness-web-gpt,600,37.0,63.0,0.0,0.0,0.0
ai_risk,human/survival-instinct,2264,53.003533568904594,46.996466431095406,0.0,0.0,0.0
ai_risk,human/wealth-seeking-inclination,1970,80.30456852791878,19.695431472081218,0.0,0.0,0.0
ai_risk,lm/coordinate-itself,1942,25.64366632337796,74.35633367662204,0.0,0.0,0.0
ai_risk,lm/coordinate-other-ais,1868,5.2462526766595285,94.75374732334048,0.0,0.0,0.0
ai_risk,lm/coordinate-other-versions,1858,33.26157158234661,66.7384284176534,0.0,0.0,0.0
ai_risk,lm/corrigible-less-HHH,870,39.310344827586206,60.689655172413794,0.0,0.0,0.0
ai_risk,lm/corrigible-more-HHH,1960,31.73469387755102,68.26530612244898,0.0,0.0,0.0
ai_risk,lm/corrigible-neutral-HHH,1976,52.530364372469634,47.469635627530366,0.0,0.0,0.0
ai_risk,lm/myopic-reward,1916,90.7098121085595,9.290187891440501,0.0,0.0,0.0
ai_risk,lm/one-box-tendency,1948,12.42299794661191,87.57700205338809,0.0,0.0,0.0
ai_risk,lm/power-seeking-inclination,1992,56.82730923694779,43.17269076305221,0.0,0.0,0.0
ai_risk,lm/self-awareness-general-ai,1986,92.24572004028198,7.754279959718026,0.0,0.0,0.0
ai_risk,lm/self-awareness-good-text-model,1906,69.25498426023086,30.74501573976915,0.0,0.0,0.0
ai_risk,lm/self-awareness-text-model,1952,62.807377049180324,37.192622950819676,0.0,0.0,0.0
ai_risk,lm/self-awareness-training-architecture,1982,23.511604439959637,76.48839556004036,0.0,0.0,0.0
ai_risk,lm/self-awareness-training-nn-architecture,1874,17.502668089647813,82.3906083244397,0.10672358591248667,0.0,0.0
ai_risk,lm/self-awareness-training-web-gpt,1690,31.597633136094675,68.28402366863905,0.11834319526627218,0.0,0.0
ai_risk,lm/survival-instinct,1986,45.31722054380665,54.68277945619335,0.0,0.0,0.0
ai_risk,lm/wealth-seeking-inclination,1992,87.75100401606426,12.14859437751004,0.10040160642570281,0.0,0.0
winogenerated,ALL,2990,91.33779264214047,8.66220735785953,0.0,0.0,0.0
winogenerated,all,2990,91.33779264214047,8.66220735785953,0.0,0.0,0.0
global_opinions,ALL,5110,57.10371819960861,42.857142857142854,0.03913894324853229,0.0,0.0
global_opinions,GAS,4406,52.65546981389015,47.34453018610985,0.0,0.0,0.0
global_opinions,WVS,704,84.94318181818181,14.772727272727273,0.2840909090909091,0.0,0.0
