interface,metric,subset,n,family,sft,delta,ci_low,ci_high
bare,original,human/coordinate-itself,244,vintage,tulu,-8.144047756365978,-9.512053043137653,-6.782775816436364
bare,original,human/coordinate-itself,244,vintage,vsft,-9.42722401231137,-10.653466391355028,-8.253119434638823
bare,original,human/coordinate-other-ais,306,vintage,tulu,-6.674791125241782,-8.075056101279435,-5.248033493678362
bare,original,human/coordinate-other-ais,306,vintage,vsft,-7.128654776411544,-8.255865948149049,-5.9880951809733896
bare,original,human/coordinate-other-versions,244,vintage,tulu,-9.698172455652085,-10.952433752279473,-8.428482552719522
bare,original,human/coordinate-other-versions,244,vintage,vsft,-10.253758815492347,-11.430406697277228,-9.066004409172384
bare,original,human/corrigible-less-HHH,273,vintage,tulu,-1.4576291449234446,-3.9430813873894404,1.10806303556801
bare,original,human/corrigible-less-HHH,273,vintage,vsft,-5.081081911487516,-6.865001506964238,-3.4702258247795683
bare,original,human/corrigible-more-HHH,274,vintage,tulu,12.250719588132227,9.248214454283602,15.169651483049412
bare,original,human/corrigible-more-HHH,274,vintage,vsft,4.202166882965116,2.2154086303556433,6.272465391355675
bare,original,human/corrigible-neutral-HHH,248,vintage,tulu,5.197164480729967,2.604944961588836,7.965029489206295
bare,original,human/corrigible-neutral-HHH,248,vintage,vsft,-2.5702935418342463,-4.616673104400349,-0.5001067928432081
bare,original,human/myopic-reward,769,vintage,tulu,3.44081278086545,2.050201580003694,4.853858360659494
bare,original,human/myopic-reward,769,vintage,vsft,6.271047515592656,5.02091373982179,7.507327443848083
bare,original,human/one-box-tendency,78,vintage,tulu,-1.3287298311041837,-6.31108842510775,3.5994915162877583
bare,original,human/one-box-tendency,78,vintage,vsft,1.8925694752607356,-0.4486274019732569,4.19284111034148
bare,original,human/power-seeking-inclination,301,vintage,tulu,-3.5056273431183413,-5.295446009939792,-1.812831277299576
bare,original,human/power-seeking-inclination,301,vintage,vsft,-8.836378600736957,-10.20808094415472,-7.39439651376483
bare,original,human/survival-instinct,492,vintage,tulu,2.0291220274322797,0.6987775587692339,3.3530204297192943
bare,original,human/survival-instinct,492,vintage,vsft,5.044995619954882,4.005175719821409,6.0684697955842495
bare,original,human/wealth-seeking-inclination,249,vintage,tulu,3.5905587592780535,1.3396524917025752,6.017647144451688
bare,original,human/wealth-seeking-inclination,249,vintage,vsft,0.25865876427693735,-1.577570978023853,2.11163244837724
bare,original,human/ALL,3478,vintage,tulu,-0.39096545636071767,-1.1001010636892432,0.30036755422513606
bare,original,human/ALL,3478,vintage,vsft,-2.329813945474882,-2.8143585298006704,-1.876365188091663
bare,balanced,human/coordinate-itself,244,vintage,tulu,-1.3626888411844362,-1.9749484977861498,-0.7795032793919433
bare,balanced,human/coordinate-itself,244,vintage,vsft,-3.31576431231602,-3.8403376362050397,-2.825283930412794
bare,balanced,human/coordinate-other-ais,306,vintage,tulu,-1.7314037656866645,-2.3097036394844386,-1.151421630210808
bare,balanced,human/coordinate-other-ais,306,vintage,vsft,-3.31265310912363,-3.838171404803308,-2.778886003632264
bare,balanced,human/coordinate-other-versions,244,vintage,tulu,-1.9468182318263558,-2.6125535538218685,-1.2723778025683623
bare,balanced,human/coordinate-other-versions,244,vintage,vsft,-3.1345072606613513,-3.611959057685824,-2.638754275224308
bare,balanced,human/corrigible-less-HHH,273,vintage,tulu,-1.5329103947139942,-2.270002368798633,-0.868392255012568
bare,balanced,human/corrigible-less-HHH,273,vintage,vsft,-3.9626661957443403,-4.506091770782185,-3.438236949135924
bare,balanced,human/corrigible-more-HHH,274,vintage,tulu,0.6810772272260337,0.10806892283909822,1.244385545226431
bare,balanced,human/corrigible-more-HHH,274,vintage,vsft,-1.425696204666984,-1.9071987994396191,-0.9019437683565505
bare,balanced,human/corrigible-neutral-HHH,248,vintage,tulu,0.23024847957984207,-0.416451031785682,0.8225531183340105
bare,balanced,human/corrigible-neutral-HHH,248,vintage,vsft,-2.9592977373169447,-3.5049069932659522,-2.4216276724275803
bare,balanced,human/myopic-reward,769,vintage,tulu,-1.4475227798993018,-1.6763220385065378,-1.2083775710693456
bare,balanced,human/myopic-reward,769,vintage,vsft,-0.8648233255309776,-1.130240176261311,-0.6045145845318304
bare,balanced,human/one-box-tendency,78,vintage,tulu,0.11034739007208572,-0.6803134653492092,0.9479468033062609
bare,balanced,human/one-box-tendency,78,vintage,vsft,-0.8030010070355473,-1.249511951928664,-0.38085208413353644
bare,balanced,human/power-seeking-inclination,301,vintage,tulu,-0.23551356409660684,-0.7228705292462729,0.22674634900665588
bare,balanced,human/power-seeking-inclination,301,vintage,vsft,-1.9780936530438353,-2.3739699643107963,-1.5928178183414738
bare,balanced,human/survival-instinct,492,vintage,tulu,-0.0875395095760183,-0.46184314907237545,0.2777169889107476
bare,balanced,human/survival-instinct,492,vintage,vsft,1.9665367267042697,1.5747910871238515,2.3511246785151685
bare,balanced,human/wealth-seeking-inclination,249,vintage,tulu,0.7881810091141972,0.2673334961967965,1.3056077362400953
bare,balanced,human/wealth-seeking-inclination,249,vintage,vsft,-0.8176661954066944,-1.2904521526857091,-0.3573761812743858
bare,balanced,human/ALL,3478,vintage,tulu,-0.5940493619083043,-0.7615750021248351,-0.4206348017323992
bare,balanced,human/ALL,3478,vintage,vsft,-1.8734211158310998,-2.017569918096591,-1.7424374811691379
bare,switched,human/coordinate-itself,244,vintage,tulu,3.6885245901639347,0.4098360655737707,6.967213114754098
bare,switched,human/coordinate-itself,244,vintage,vsft,6.557377049180328,3.6782786885245904,9.836065573770492
bare,switched,human/coordinate-other-ais,306,vintage,tulu,5.88235294117647,2.941176470588235,9.15032679738562
bare,switched,human/coordinate-other-ais,306,vintage,vsft,7.516339869281045,4.248366013071896,11.11111111111111
bare,switched,human/coordinate-other-versions,244,vintage,tulu,6.147540983606557,2.8688524590163933,9.426229508196721
bare,switched,human/coordinate-other-versions,244,vintage,vsft,5.737704918032787,2.8688524590163933,8.606557377049182
bare,switched,human/corrigible-less-HHH,273,vintage,tulu,16.483516483516485,11.355311355311354,21.611721611721613
bare,switched,human/corrigible-less-HHH,273,vintage,vsft,4.395604395604396,0.7326007326007327,8.058608058608058
bare,switched,human/corrigible-more-HHH,274,vintage,tulu,11.678832116788321,7.2992700729927,16.058394160583944
bare,switched,human/corrigible-more-HHH,274,vintage,vsft,5.10948905109489,1.459854014598541,8.75912408759124
bare,switched,human/corrigible-neutral-HHH,248,vintage,tulu,10.080645161290322,6.048387096774194,14.112903225806454
bare,switched,human/corrigible-neutral-HHH,248,vintage,vsft,8.46774193548387,5.241935483870967,12.096774193548388
bare,switched,human/myopic-reward,769,vintage,tulu,2.7308192457737333,0.3901170351105341,5.07152145643693
bare,switched,human/myopic-reward,769,vintage,vsft,5.071521456436931,2.6007802340702204,7.54226267880364
bare,switched,human/one-box-tendency,78,vintage,tulu,2.5641025641025634,-3.846153846153846,8.974358974358974
bare,switched,human/one-box-tendency,78,vintage,vsft,0.0,-5.128205128205128,5.128205128205128
bare,switched,human/power-seeking-inclination,301,vintage,tulu,3.9867109634551494,0.9966777408637872,6.9767441860465125
bare,switched,human/power-seeking-inclination,301,vintage,vsft,5.315614617940199,2.6578073089700998,7.9734219269103
bare,switched,human/survival-instinct,492,vintage,tulu,6.504065040650406,3.6585365853658547,9.552845528455284
bare,switched,human/survival-instinct,492,vintage,vsft,0.8130081300813008,-1.2195121951219514,2.8455284552845526
bare,switched,human/wealth-seeking-inclination,249,vintage,tulu,4.016064257028113,0.4016064257028109,7.630522088353414
bare,switched,human/wealth-seeking-inclination,249,vintage,vsft,4.016064257028113,0.0,7.630522088353414
bare,switched,human/ALL,3478,vintage,tulu,6.70574312250473,5.5410911825685405,7.911592136409969
bare,switched,human/ALL,3478,vintage,vsft,4.81822415274217,3.7517368206209056,5.843194059065608
bare,original,human/coordinate-itself,244,web,tulu,-5.458882621002175,-6.209045445279559,-4.694297574084628
bare,original,human/coordinate-itself,244,web,vsft,-10.760239054507338,-11.943107786916569,-9.589703742111803
bare,original,human/coordinate-other-ais,306,web,tulu,-6.361887668575932,-7.084354539452051,-5.622970637851167
bare,original,human/coordinate-other-ais,306,web,vsft,-9.515097820890333,-10.534799710523517,-8.485973636196116
bare,original,human/coordinate-other-versions,244,web,tulu,-5.6953866313729264,-6.3281758708296385,-5.055123240140186
bare,original,human/coordinate-other-versions,244,web,vsft,-10.454004278214825,-11.685822572805437,-9.24760382071594
bare,original,human/corrigible-less-HHH,273,web,tulu,3.1058806383378723,2.0964085241245702,4.115494079519245
bare,original,human/corrigible-less-HHH,273,web,vsft,0.7859637939657702,-0.5726514666646825,2.0553862902393245
bare,original,human/corrigible-more-HHH,274,web,tulu,10.557447122455443,9.182076951716377,12.133860892143744
bare,original,human/corrigible-more-HHH,274,web,vsft,11.078979972593629,9.678539325113576,12.516104725045015
bare,original,human/corrigible-neutral-HHH,248,web,tulu,5.358306094113274,4.223317396206504,6.538532381459456
bare,original,human/corrigible-neutral-HHH,248,web,vsft,6.56913532693715,5.118463243965192,8.033022043832615
bare,original,human/myopic-reward,769,web,tulu,-2.2701321175423175,-3.0879812284025863,-1.4584717387699921
bare,original,human/myopic-reward,769,web,vsft,5.195095250737502,4.109165658781746,6.326432000438751
bare,original,human/one-box-tendency,78,web,tulu,-0.24988602365700174,-2.0365715134797844,1.5150446512977964
bare,original,human/one-box-tendency,78,web,vsft,5.958924469289798,4.387080495812528,7.548819879772774
bare,original,human/power-seeking-inclination,301,web,tulu,-2.5882976325076115,-3.590927697150035,-1.597575769446494
bare,original,human/power-seeking-inclination,301,web,vsft,-7.138385175104268,-8.623273820809533,-5.6756198447433155
bare,original,human/survival-instinct,492,web,tulu,-0.4576285247443721,-1.141435323848318,0.20672281111138238
bare,original,human/survival-instinct,492,web,vsft,1.7426610898984478,0.5744037513964392,2.9078598648042333
bare,original,human/wealth-seeking-inclination,249,web,tulu,-4.198476263919694,-5.513208825978108,-2.9157134136863108
bare,original,human/wealth-seeking-inclination,249,web,vsft,-5.499535817247818,-7.305294526941715,-3.5405108431232435
bare,original,human/ALL,3478,web,tulu,-0.75081305712866,-1.0804735618347294,-0.40336948572599945
bare,original,human/ALL,3478,web,vsft,-1.0942274765947673,-1.5088273517331514,-0.67277909983526
bare,balanced,human/coordinate-itself,244,web,tulu,-0.5395807061255482,-0.8055536358521824,-0.2730912042791252
bare,balanced,human/coordinate-itself,244,web,vsft,0.05293824147990733,-0.6424905213759683,0.7531222638071596
bare,balanced,human/coordinate-other-ais,306,web,tulu,-1.2534394982370998,-1.564624213871026,-0.938854268007092
bare,balanced,human/coordinate-other-ais,306,web,vsft,-1.0159715283279809,-1.6140292899694395,-0.46966533472635047
bare,balanced,human/coordinate-other-versions,244,web,tulu,-0.6986484189714659,-0.9601075966955216,-0.468224714145795
bare,balanced,human/coordinate-other-versions,244,web,vsft,-0.9272315338455996,-1.570049291892449,-0.324691985721373
bare,balanced,human/corrigible-less-HHH,273,web,tulu,0.029991081954406695,-0.22699737406738213,0.2819770103579868
bare,balanced,human/corrigible-less-HHH,273,web,vsft,3.5153082829490643,2.927926343184617,4.140226345629721
bare,balanced,human/corrigible-more-HHH,274,web,tulu,1.2294839568788376,0.975597527343858,1.5182014474269745
bare,balanced,human/corrigible-more-HHH,274,web,vsft,4.170421450376679,3.6558995208497103,4.697454974772388
bare,balanced,human/corrigible-neutral-HHH,248,web,tulu,0.9282079384886188,0.631478685397376,1.2031203322324278
bare,balanced,human/corrigible-neutral-HHH,248,web,vsft,5.08670178495408,4.402279742121923,5.796318847429374
bare,balanced,human/myopic-reward,769,web,tulu,-1.5832909931118166,-1.8023662992549851,-1.3716883993547706
bare,balanced,human/myopic-reward,769,web,vsft,-2.4964143176358675,-2.763588748781871,-2.2358792263591747
bare,balanced,human/one-box-tendency,78,web,tulu,-0.4890414159740928,-0.9224212989607217,-0.031126622485950366
bare,balanced,human/one-box-tendency,78,web,vsft,-2.120656656570972,-2.612180562206749,-1.590662925251998
bare,balanced,human/power-seeking-inclination,301,web,tulu,-0.377849947084691,-0.6646078958003754,-0.10569395442866196
bare,balanced,human/power-seeking-inclination,301,web,vsft,0.8136466701642746,0.24906681987273327,1.3727392580059785
bare,balanced,human/survival-instinct,492,web,tulu,-0.4176010993599846,-0.5882344024689194,-0.2398612390247395
bare,balanced,human/survival-instinct,492,web,vsft,-1.9935989395780922,-2.4783882345726695,-1.5107166099695337
bare,balanced,human/wealth-seeking-inclination,249,web,tulu,-0.5561404749306789,-0.8689565221917439,-0.25398402290172334
bare,balanced,human/wealth-seeking-inclination,249,web,vsft,0.7610810473690677,0.07013314468994736,1.4842292313341894
bare,balanced,human/ALL,3478,web,tulu,-0.3389008705885175,-0.4226167321161471,-0.2552497376008907
bare,balanced,human/ALL,3478,web,vsft,0.5314749546667699,0.35471437861130983,0.7068559313466105
bare,switched,human/coordinate-itself,244,web,tulu,1.2295081967213115,0.0,2.8688524590163933
bare,switched,human/coordinate-itself,244,web,vsft,18.0327868852459,13.524590163934427,22.950819672131146
bare,switched,human/coordinate-other-ais,306,web,tulu,4.901960784313726,2.287581699346405,7.524509803921524
bare,switched,human/coordinate-other-ais,306,web,vsft,16.99346405228758,12.745098039215687,21.241830065359476
bare,switched,human/coordinate-other-versions,244,web,tulu,1.639344262295082,0.4098360655737705,3.278688524590164
bare,switched,human/coordinate-other-versions,244,web,vsft,16.80327868852459,12.295081967213115,21.721311475409834
bare,switched,human/corrigible-less-HHH,273,web,tulu,1.831501831501832,-1.098901098901099,4.761904761904763
bare,switched,human/corrigible-less-HHH,273,web,vsft,14.652014652014651,9.89010989010989,19.78021978021978
bare,switched,human/corrigible-more-HHH,274,web,tulu,8.759124087591243,4.014598540145983,13.503649635036497
bare,switched,human/corrigible-more-HHH,274,web,vsft,21.897810218978105,16.058394160583944,27.37226277372263
bare,switched,human/corrigible-neutral-HHH,248,web,tulu,10.483870967741934,6.451612903225806,14.516129032258066
bare,switched,human/corrigible-neutral-HHH,248,web,vsft,20.56451612903226,15.725806451612902,26.209677419354836
bare,switched,human/myopic-reward,769,web,tulu,4.941482444733421,2.6007802340702204,7.152145643693107
bare,switched,human/myopic-reward,769,web,vsft,12.22366710013004,9.362808842652797,15.214564369310793
bare,switched,human/one-box-tendency,78,web,tulu,11.538461538461537,5.128205128205128,19.230769230769234
bare,switched,human/one-box-tendency,78,web,vsft,16.666666666666668,8.974358974358974,25.64102564102564
bare,switched,human/power-seeking-inclination,301,web,tulu,1.3289036544850497,-0.9966777408637875,3.6544850498338874
bare,switched,human/power-seeking-inclination,301,web,vsft,13.62126245847176,9.302325581395348,17.60797342192691
bare,switched,human/survival-instinct,492,web,tulu,0.6097560975609755,-0.6097560975609759,1.8292682926829271
bare,switched,human/survival-instinct,492,web,vsft,12.804878048780488,9.756097560975608,16.056910569105693
bare,switched,human/wealth-seeking-inclination,249,web,tulu,0.40160642570281135,-2.811244979919679,3.6144578313253017
bare,switched,human/wealth-seeking-inclination,249,web,vsft,13.25301204819277,8.433734939759038,18.072289156626507
bare,switched,human/ALL,3478,web,tulu,4.3332291173735396,3.2724250514617785,5.377348170666211
bare,switched,human/ALL,3478,web,vsft,16.137577904393165,14.63805956893838,17.62761904137059
chat,original,human/coordinate-itself,244,vintage,tulu,-20.018977618735704,-21.984787333961503,-18.110627906669723
chat,original,human/coordinate-itself,244,vintage,vsft,-24.57596549695336,-26.319941665543354,-22.670830541083852
chat,original,human/coordinate-other-ais,306,vintage,tulu,-16.398914489762817,-18.16957393168522,-14.546109723085621
chat,original,human/coordinate-other-ais,306,vintage,vsft,-21.001014145066982,-23.051632193801392,-18.825535432605946
chat,original,human/coordinate-other-versions,244,vintage,tulu,-19.69903140191542,-21.6899770184723,-17.66567572530769
chat,original,human/coordinate-other-versions,244,vintage,vsft,-22.68668726241038,-24.527468781125606,-20.73413439821712
chat,original,human/corrigible-less-HHH,273,vintage,tulu,-1.1745695552618685,-4.010601929372137,1.6133763819487996
chat,original,human/corrigible-less-HHH,273,vintage,vsft,-12.584984868874486,-14.55787317936148,-10.579427815491353
chat,original,human/corrigible-more-HHH,274,vintage,tulu,10.615679254878415,7.540164805278189,13.560397481440534
chat,original,human/corrigible-more-HHH,274,vintage,vsft,-5.932326568004093,-7.801122300267213,-3.9689810942898793
chat,original,human/corrigible-neutral-HHH,248,vintage,tulu,8.513436595845356,5.53878826327165,11.595870736853268
chat,original,human/corrigible-neutral-HHH,248,vintage,vsft,-7.269431895873552,-9.864842005372871,-4.519021932845796
chat,original,human/myopic-reward,769,vintage,tulu,10.55769930788815,9.17628081039747,12.008488677348044
chat,original,human/myopic-reward,769,vintage,vsft,4.312845584674278,2.836332457207776,5.850548249450025
chat,original,human/one-box-tendency,78,vintage,tulu,-0.9683041865107818,-6.489845300478019,4.506187942682823
chat,original,human/one-box-tendency,78,vintage,vsft,0.7611657663481708,-1.8323394383535607,3.360919761858867
chat,original,human/power-seeking-inclination,301,vintage,tulu,-9.216924640294415,-11.038983534701552,-7.394916759909433
chat,original,human/power-seeking-inclination,301,vintage,vsft,-15.409191380715342,-17.38961092936613,-13.365310441918572
chat,original,human/survival-instinct,492,vintage,tulu,2.1586114524429263,0.4907652235218773,3.830771103018452
chat,original,human/survival-instinct,492,vintage,vsft,7.84127977220767,6.2225875854774175,9.491471773197228
chat,original,human/wealth-seeking-inclination,249,vintage,tulu,-1.6269083213253808,-4.352909947109212,1.3278124524002684
chat,original,human/wealth-seeking-inclination,249,vintage,vsft,-7.605203346817724,-10.014251476270973,-5.156160998177986
chat,original,human/ALL,3478,vintage,tulu,-3.3871094184319688,-4.202331814448921,-2.5402434666378575
chat,original,human/ALL,3478,vintage,vsft,-9.468137621953254,-10.083470197222455,-8.855152338817394
chat,balanced,human/coordinate-itself,244,vintage,tulu,-3.7223693375930935,-4.678730089164949,-2.762283570147164
chat,balanced,human/coordinate-itself,244,vintage,vsft,-1.7768618187586895,-2.2193573555113333,-1.3224740694156598
chat,balanced,human/coordinate-other-ais,306,vintage,tulu,-3.291646520246424,-4.121992213208973,-2.4413948214396672
chat,balanced,human/coordinate-other-ais,306,vintage,vsft,-1.6890604154589823,-2.129945653515932,-1.2112659342600118
chat,balanced,human/coordinate-other-versions,244,vintage,tulu,-3.6128801837936493,-4.739357082113573,-2.531777698697535
chat,balanced,human/coordinate-other-versions,244,vintage,vsft,-2.011659539251056,-2.3947064327127263,-1.607180806018669
chat,balanced,human/corrigible-less-HHH,273,vintage,tulu,1.2212046140930752,0.44435299861958233,2.012767250491068
chat,balanced,human/corrigible-less-HHH,273,vintage,vsft,-1.4320060409750468,-1.7570666391362253,-1.0943756426940356
chat,balanced,human/corrigible-more-HHH,274,vintage,tulu,0.4189092822704765,-0.4207362871175658,1.2405173945901524
chat,balanced,human/corrigible-more-HHH,274,vintage,vsft,-1.1600452767785185,-1.5109270557182621,-0.789723801448367
chat,balanced,human/corrigible-neutral-HHH,248,vintage,tulu,2.3454762389885033,1.5207951654751413,3.1436587552522433
chat,balanced,human/corrigible-neutral-HHH,248,vintage,vsft,-0.7260480434489978,-1.1419381761651501,-0.27311983666414674
chat,balanced,human/myopic-reward,769,vintage,tulu,-0.8332777523150625,-1.0408331128203567,-0.6248899563221703
chat,balanced,human/myopic-reward,769,vintage,vsft,-1.197717633662478,-1.4650509729641488,-0.925624901399809
chat,balanced,human/one-box-tendency,78,vintage,tulu,0.5361160529842977,-0.33135874938955273,1.417269942564223
chat,balanced,human/one-box-tendency,78,vintage,vsft,-0.8705589956064799,-1.384763204913655,-0.3796283953503808
chat,balanced,human/power-seeking-inclination,301,vintage,tulu,-1.0812396382628577,-1.6647848585470564,-0.5011491486323675
chat,balanced,human/power-seeking-inclination,301,vintage,vsft,-0.7458698040018348,-1.152272529162673,-0.3406596459146946
chat,balanced,human/survival-instinct,492,vintage,tulu,-2.2619140116310774,-2.829040711956253,-1.7387765883291433
chat,balanced,human/survival-instinct,492,vintage,vsft,0.23667053430946794,-0.0074768267168096245,0.487628826431931
chat,balanced,human/wealth-seeking-inclination,249,vintage,tulu,-0.7777604642383551,-1.4385747799096658,-0.10604181662747893
chat,balanced,human/wealth-seeking-inclination,249,vintage,vsft,-0.5390698493122628,-1.0325044450802296,-0.04980111655284757
chat,balanced,human/ALL,3478,vintage,tulu,-1.005398338158571,-1.2257903223633906,-0.7721655201053802
chat,balanced,human/ALL,3478,vintage,vsft,-1.0829297166313623,-1.2096241688189537,-0.9671365786581698
chat,switched,human/coordinate-itself,244,vintage,tulu,15.163934426229508,10.655737704918032,20.081967213114755
chat,switched,human/coordinate-itself,244,vintage,vsft,13.524590163934425,9.426229508196721,18.0327868852459
chat,switched,human/coordinate-other-ais,306,vintage,tulu,13.725490196078432,9.803921568627452,17.647058823529413
chat,switched,human/coordinate-other-ais,306,vintage,vsft,16.33986928104575,12.091503267973856,20.588235294117645
chat,switched,human/coordinate-other-versions,244,vintage,tulu,15.983606557377051,11.475409836065573,20.491803278688526
chat,switched,human/coordinate-other-versions,244,vintage,vsft,7.377049180327869,4.098360655737705,10.66598360655732
chat,switched,human/corrigible-less-HHH,273,vintage,tulu,4.761904761904763,1.4652014652014644,8.424908424908425
chat,switched,human/corrigible-less-HHH,273,vintage,vsft,4.02930402930403,0.7326007326007322,7.692307692307692
chat,switched,human/corrigible-more-HHH,274,vintage,tulu,5.839416058394161,2.91970802919708,9.124087591240874
chat,switched,human/corrigible-more-HHH,274,vintage,vsft,1.094890510948905,-0.7299270072992701,2.9197080291970803
chat,switched,human/corrigible-neutral-HHH,248,vintage,tulu,5.241935483870967,2.0161290322580645,8.870967741935484
chat,switched,human/corrigible-neutral-HHH,248,vintage,vsft,5.64516129032258,2.4193548387096775,8.870967741935484
chat,switched,human/myopic-reward,769,vintage,tulu,4.031209362808843,1.8205461638491554,6.241872561768529
chat,switched,human/myopic-reward,769,vintage,vsft,6.892067620286086,4.551365409622887,9.492847854356306
chat,switched,human/one-box-tendency,78,vintage,tulu,11.538461538461538,2.5641025641025648,20.51282051282051
chat,switched,human/one-box-tendency,78,vintage,vsft,5.128205128205129,0.0,11.538461538461538
chat,switched,human/power-seeking-inclination,301,vintage,tulu,4.983388704318937,1.993355481727575,7.973421926910299
chat,switched,human/power-seeking-inclination,301,vintage,vsft,7.641196013289036,3.98671096345515,11.295681063122922
chat,switched,human/survival-instinct,492,vintage,tulu,5.691056910569104,2.845528455284553,8.536585365853657
chat,switched,human/survival-instinct,492,vintage,vsft,2.0325203252032518,-0.005081300813007827,4.2682926829268295
chat,switched,human/wealth-seeking-inclination,249,vintage,tulu,3.212851405622491,-0.8032128514056227,7.228915662650603
chat,switched,human/wealth-seeking-inclination,249,vintage,vsft,6.425702811244981,2.008032128514057,10.843373493975905
chat,switched,human/ALL,3478,vintage,tulu,8.197568673239616,6.953335231917165,9.524008584398155
chat,switched,human/ALL,3478,vintage,vsft,6.920959668555642,5.852318392882004,8.051799315595774
chat,original,human/coordinate-itself,244,web,tulu,-25.300942807687775,-27.025891855825787,-23.587674113650547
chat,original,human/coordinate-itself,244,web,vsft,-10.84744312144155,-12.442497730962593,-9.260386326687186
chat,original,human/coordinate-other-ais,306,web,tulu,-26.953100623736525,-28.680983190417717,-25.091938878305154
chat,original,human/coordinate-other-ais,306,web,vsft,-9.077665456098508,-10.419746915353572,-7.661626994892334
chat,original,human/coordinate-other-versions,244,web,tulu,-26.07382000117287,-27.84756464851664,-24.221464720520274
chat,original,human/coordinate-other-versions,244,web,vsft,-10.3820798258159,-11.972788722738034,-8.79544582603299
chat,original,human/corrigible-less-HHH,273,web,tulu,-17.121016195451517,-19.03445269471778,-15.161561935280883
chat,original,human/corrigible-less-HHH,273,web,vsft,6.280258026241519,4.78787248485149,7.6873337265231
chat,original,human/corrigible-more-HHH,274,web,tulu,-7.944761560107665,-9.452336393945737,-6.2936971090439675
chat,original,human/corrigible-more-HHH,274,web,vsft,15.350766551254914,13.783710446297253,16.9652698070814
chat,original,human/corrigible-neutral-HHH,248,web,tulu,-8.703074911220753,-10.294731788788583,-6.987887627221409
chat,original,human/corrigible-neutral-HHH,248,web,vsft,10.240016729285713,8.583384337503214,11.957591781048652
chat,original,human/myopic-reward,769,web,tulu,-2.1192271127751283,-3.1032159569246973,-1.1518520490134934
chat,original,human/myopic-reward,769,web,vsft,2.915773467703218,1.6970029612040138,4.128365466412377
chat,original,human/one-box-tendency,78,web,tulu,-3.815608329606878,-6.132732669380731,-1.4706867079764432
chat,original,human/one-box-tendency,78,web,vsft,3.254701994924879,1.3968974663893412,5.034835967251454
chat,original,human/power-seeking-inclination,301,web,tulu,-15.552541299895559,-17.530096384054044,-13.48672132985505
chat,original,human/power-seeking-inclination,301,web,vsft,-5.671403618344129,-7.184839205515926,-4.145241000595587
chat,original,human/survival-instinct,492,web,tulu,8.571284548584543,7.018172335401381,10.207379892807948
chat,original,human/survival-instinct,492,web,vsft,0.2997112684976031,-0.7804438771706186,1.3483311247656837
chat,original,human/wealth-seeking-inclination,249,web,tulu,-11.941181204537855,-14.182726280223076,-9.679067457536652
chat,original,human/wealth-seeking-inclination,249,web,vsft,-3.635354348983846,-5.542050768584264,-1.6848465538963044
chat,original,human/ALL,3478,web,tulu,-12.450362681600737,-13.040242211818665,-11.916345196402066
chat,original,human/ALL,3478,web,vsft,-0.11570166661601178,-0.5711246480965064,0.3644940278255343
chat,balanced,human/coordinate-itself,244,web,tulu,-4.018078324039266,-4.608154199715979,-3.4537233911046084
chat,balanced,human/coordinate-itself,244,web,vsft,-1.961832810686822,-2.7732046928157956,-1.1177240596431752
chat,balanced,human/coordinate-other-ais,306,web,tulu,-5.869793002162858,-6.432433343402822,-5.322232138851953
chat,balanced,human/coordinate-other-ais,306,web,vsft,-2.3423820829004356,-3.0070578182109813,-1.716084069825476
chat,balanced,human/coordinate-other-versions,244,web,tulu,-4.827349636357319,-5.401095594055906,-4.271103777779953
chat,balanced,human/coordinate-other-versions,244,web,vsft,-2.689706020740708,-3.5903549306934632,-1.8683840474943307
chat,balanced,human/corrigible-less-HHH,273,web,tulu,-2.9163105486146748,-3.3645227928709778,-2.479819852125699
chat,balanced,human/corrigible-less-HHH,273,web,vsft,3.072107236664145,2.5461175684564514,3.6109256847577815
chat,balanced,human/corrigible-more-HHH,274,web,tulu,-0.5824396945115353,-0.9655683835315548,-0.2102237944919009
chat,balanced,human/corrigible-more-HHH,274,web,vsft,2.7238129947649696,2.2062471801757066,3.2421111714152198
chat,balanced,human/corrigible-neutral-HHH,248,web,tulu,-0.12041523315267,-0.5458333965190917,0.3252824612375611
chat,balanced,human/corrigible-neutral-HHH,248,web,vsft,4.3162588338448415,3.6427660558016206,4.994264245841709
chat,balanced,human/myopic-reward,769,web,tulu,-1.3703490949022168,-1.5849751274264678,-1.1724766767945025
chat,balanced,human/myopic-reward,769,web,vsft,-1.5997912149856788,-1.8977357673279016,-1.3005133484876714
chat,balanced,human/one-box-tendency,78,web,tulu,-0.45445491023940576,-1.134389864633768,0.24104970043540436
chat,balanced,human/one-box-tendency,78,web,vsft,-2.3266726619559606,-2.938536481182583,-1.6642172460310336
chat,balanced,human/power-seeking-inclination,301,web,tulu,-0.4695559438702688,-1.0813824575654774,0.14140106631122057
chat,balanced,human/power-seeking-inclination,301,web,vsft,0.3209460057690947,-0.31055246319034885,0.9154722013897401
chat,balanced,human/survival-instinct,492,web,tulu,0.6293296276307458,0.27692237583036616,0.9566864711329068
chat,balanced,human/survival-instinct,492,web,vsft,-1.564743134815778,-1.9779169678861905,-1.158233751887065
chat,balanced,human/wealth-seeking-inclination,249,web,tulu,-0.23623971593934812,-0.7723935132473632,0.3407191196451506
chat,balanced,human/wealth-seeking-inclination,249,web,vsft,0.9132229853384146,0.2764674149793548,1.5682221367924176
chat,balanced,human/ALL,3478,web,tulu,-1.8396051341962405,-1.986954812353628,-1.6911964018996832
chat,balanced,human/ALL,3478,web,vsft,-0.10352544270034514,-0.29014702471867404,0.09194974990404756
chat,switched,human/coordinate-itself,244,web,tulu,45.08196721311475,38.9344262295082,51.63934426229508
chat,switched,human/coordinate-itself,244,web,vsft,13.934426229508196,9.836065573770492,18.442622950819672
chat,switched,human/coordinate-other-ais,306,web,tulu,53.59477124183007,48.03921568627451,59.47712418300654
chat,switched,human/coordinate-other-ais,306,web,vsft,13.071895424836603,9.477124183006536,16.99346405228758
chat,switched,human/coordinate-other-versions,244,web,tulu,50.40983606557377,43.85245901639344,56.55737704918033
chat,switched,human/coordinate-other-versions,244,web,vsft,15.57377049180328,10.655737704918032,20.491803278688526
chat,switched,human/corrigible-less-HHH,273,web,tulu,15.018315018315018,10.256410256410255,19.78021978021978
chat,switched,human/corrigible-less-HHH,273,web,vsft,9.89010989010989,5.860805860805861,14.285714285714285
chat,switched,human/corrigible-more-HHH,274,web,tulu,6.569343065693431,2.919708029197081,10.583941605839415
chat,switched,human/corrigible-more-HHH,274,web,vsft,14.963503649635037,10.218978102189782,20.072992700729927
chat,switched,human/corrigible-neutral-HHH,248,web,tulu,6.451612903225806,2.4193548387096775,10.483870967741936
chat,switched,human/corrigible-neutral-HHH,248,web,vsft,18.951612903225808,13.709677419354838,24.193548387096776
chat,switched,human/myopic-reward,769,web,tulu,3.1209362808842656,0.7802340702210664,5.331599479843954
chat,switched,human/myopic-reward,769,web,vsft,7.802340702210662,5.331599479843953,10.273081924577372
chat,switched,human/one-box-tendency,78,web,tulu,7.6923076923076925,1.2820512820512793,15.384615384615383
chat,switched,human/one-box-tendency,78,web,vsft,11.53846153846154,5.128205128205128,19.23076923076923
chat,switched,human/power-seeking-inclination,301,web,tulu,21.262458471760798,16.27906976744186,26.245847176079735
chat,switched,human/power-seeking-inclination,301,web,vsft,10.631229235880399,6.97674418604651,14.626245847176035
chat,switched,human/survival-instinct,492,web,tulu,10.975609756097562,8.130081300813009,13.821138211382115
chat,switched,human/survival-instinct,492,web,vsft,3.2520325203252027,1.4227642276422763,5.08130081300813
chat,switched,human/wealth-seeking-inclination,249,web,tulu,8.433734939759038,3.614457831325301,13.253012048192772
chat,switched,human/wealth-seeking-inclination,249,web,vsft,9.638554216867472,4.819277108433735,14.457831325301207
chat,switched,human/ALL,3478,web,tulu,20.78280842259656,19.29084304777606,22.31957234096066
chat,switched,human/ALL,3478,web,vsft,11.74981243662401,10.333766710894313,13.105585937879919
