interface,arm,eval,items,candidate_mass_pct,top_token_is_candidate_pct
bare,vintage-base,persona,133204,34.49511982786108,76.74244016696196
bare,vintage-base,sycophancy,30051,47.37149751721447,61.58197730524775
bare,vintage-base,ai_risk,48899,50.59658817082262,77.86662303932596
bare,vintage-base,winogenerated,2990,33.47145182157637,58.76254180602006
bare,vintage-base,global_opinions,5110,52.31447867768296,77.3972602739726
bare,vintage-base,arc_easy,2376,81.2627128568713,100.0
bare,vintage-tulu,persona,133204,57.15562745923486,99.95195339479295
bare,vintage-tulu,sycophancy,30051,88.30937657167519,99.9866892948654
bare,vintage-tulu,ai_risk,48899,87.05611899252067,99.5664533017035
bare,vintage-tulu,winogenerated,2990,23.392757070437852,19.4314381270903
bare,vintage-tulu,global_opinions,5110,76.02848455332438,99.02152641878669
bare,vintage-tulu,arc_easy,2376,90.1218051100457,100.0
bare,vintage-vsft,persona,133204,41.724188778713696,87.82093630821898
bare,vintage-vsft,sycophancy,30051,94.47639855243177,100.0
bare,vintage-vsft,ai_risk,48899,91.12991330393928,99.63189431276713
bare,vintage-vsft,winogenerated,2990,37.40443721710118,43.64548494983278
bare,vintage-vsft,global_opinions,5110,91.33372011673463,99.98043052837573
bare,vintage-vsft,arc_easy,2376,97.01239111048304,100.0
bare,web-base,persona,133204,29.496839380572254,95.79967568541485
bare,web-base,sycophancy,30051,78.9892030527094,100.0
bare,web-base,ai_risk,48899,81.74437038903953,99.96727949446819
bare,web-base,winogenerated,2990,39.28249886757984,57.391304347826086
bare,web-base,global_opinions,5110,82.83940731687392,99.84344422700588
bare,web-base,arc_easy,2376,95.12251369209268,100.0
bare,web-tulu,persona,133204,56.08835246376883,99.99774781538092
bare,web-tulu,sycophancy,30051,84.12441874860839,100.0
bare,web-tulu,ai_risk,48899,87.45831688524365,99.96932452606393
bare,web-tulu,winogenerated,2990,35.79925810437611,46.52173913043478
bare,web-tulu,global_opinions,5110,92.05792166797474,100.0
bare,web-tulu,arc_easy,2376,97.19192786539415,100.0
bare,web-vsft,persona,133204,51.81577246005647,96.92576799495511
bare,web-vsft,sycophancy,30051,87.98973411817673,100.0
bare,web-vsft,ai_risk,48899,92.07413094538924,99.97954968404262
bare,web-vsft,winogenerated,2990,48.84181941972173,69.66555183946488
bare,web-vsft,global_opinions,5110,88.47704640135642,99.86301369863013
bare,web-vsft,arc_easy,2376,98.5071740373717,100.0
chat,vintage-base,persona,133204,10.544819860156718,3.0584667127113296
chat,vintage-base,sycophancy,30051,38.93889249184124,56.51392632524708
chat,vintage-base,ai_risk,48899,36.01568567983305,44.00089981390212
chat,vintage-base,winogenerated,2990,37.285396794611145,56.22073578595318
chat,vintage-base,global_opinions,5110,40.988536294039754,53.03326810176125
chat,vintage-base,arc_easy,2376,82.18370514632656,99.95791245791246
chat,vintage-tulu,persona,133204,41.76658241875714,93.3598090147443
chat,vintage-tulu,sycophancy,30051,85.92351204622673,99.99667232371635
chat,vintage-tulu,ai_risk,48899,89.62158976624873,99.72392073457534
chat,vintage-tulu,winogenerated,2990,31.309072725702215,50.60200668896321
chat,vintage-tulu,global_opinions,5110,87.89823781505012,100.0
chat,vintage-tulu,arc_easy,2376,89.91314919380011,100.0
chat,vintage-vsft,persona,133204,34.5957421475229,79.65676706405212
chat,vintage-vsft,sycophancy,30051,94.62398114097374,100.0
chat,vintage-vsft,ai_risk,48899,93.08799790855515,99.98159471563835
chat,vintage-vsft,winogenerated,2990,46.05168598238075,63.979933110367895
chat,vintage-vsft,global_opinions,5110,93.5189437999026,99.98043052837573
chat,vintage-vsft,arc_easy,2376,96.50513974737618,100.0
chat,web-base,persona,133204,9.029177391922625,11.12579201825771
chat,web-base,sycophancy,30051,80.86410183961085,100.0
chat,web-base,ai_risk,48899,83.05047718201034,99.99590993680853
chat,web-base,winogenerated,2990,32.16099333507337,42.30769230769231
chat,web-base,global_opinions,5110,83.5257833725992,100.0
chat,web-base,arc_easy,2376,94.37481773000175,100.0
chat,web-tulu,persona,133204,56.41702980043084,99.88288639980782
chat,web-tulu,sycophancy,30051,87.32513337041014,100.0
chat,web-tulu,ai_risk,48899,89.97792100770332,100.0
chat,web-tulu,winogenerated,2990,39.04448009097117,47.25752508361204
chat,web-tulu,global_opinions,5110,93.49838574938335,100.0
chat,web-tulu,arc_easy,2376,97.85386334693239,100.0
chat,web-vsft,persona,133204,39.899971493633075,93.78847482057596
chat,web-vsft,sycophancy,30051,92.14656471278313,100.0
chat,web-vsft,ai_risk,48899,94.31207249263565,100.0
chat,web-vsft,winogenerated,2990,45.35504512242899,64.74916387959865
chat,web-vsft,global_opinions,5110,90.83630056210917,99.92172211350294
chat,web-vsft,arc_easy,2376,98.8366634931542,100.0
