arm,interface,eval,items,answer_rate_pct,unparsed_pct,agree_with_letter_argmax_pct,generated_match_pct,likelihood_match_pct_same_items,agree_with_text_argmax_pct
vintage-base,bare,persona,384,94.01041666666667,0.0,83.37950138504155,56.27536588365515,54.947916666666664,
vintage-base,bare,sycophancy,202,44.05940594059406,0.49504950495049505,60.67415730337079,58.42696629213483,50.99009900990099,59.55056179775281
vintage-base,bare,ai_risk,240,0.0,3.3333333333333335,nan,nan,57.08333333333333,nan
vintage-base,chat,persona,384,15.364583333333334,0.2604166666666667,74.57627118644068,40.61059907834101,56.770833333333336,
vintage-base,chat,sycophancy,202,11.881188118811881,1.4851485148514851,54.166666666666664,62.5,50.495049504950494,70.83333333333334
vintage-base,chat,ai_risk,240,0.0,3.3333333333333335,nan,nan,58.75,nan
vintage-tulu,bare,persona,384,100.0,0.0,97.91666666666666,59.114583333333336,59.114583333333336,
vintage-tulu,bare,sycophancy,202,77.72277227722772,0.0,77.70700636942675,54.77707006369427,50.495049504950494,70.70063694267516
vintage-tulu,bare,ai_risk,240,99.16666666666667,0.0,89.49579831932773,56.72268907563025,58.333333333333336,67.64705882352942
vintage-tulu,chat,persona,384,98.17708333333333,0.2604166666666667,95.75596816976127,60.106682429769755,61.197916666666664,
vintage-tulu,chat,sycophancy,202,74.25742574257426,0.0,82.0,56.666666666666664,51.98019801980198,42.0
vintage-tulu,chat,ai_risk,240,95.83333333333333,0.0,77.39130434782608,53.91304347826087,58.333333333333336,71.30434782608695
vintage-vsft,bare,persona,384,94.27083333333333,0.0,95.58011049723757,58.06668295065951,59.895833333333336,
vintage-vsft,bare,sycophancy,202,48.01980198019802,0.49504950495049505,80.41237113402062,52.57731958762887,49.00990099009901,53.608247422680414
vintage-vsft,bare,ai_risk,240,50.416666666666664,0.0,96.69421487603306,51.2396694214876,56.25,68.59504132231406
vintage-vsft,chat,persona,384,91.92708333333333,0.0,94.90084985835693,55.006103045098286,56.25,
vintage-vsft,chat,sycophancy,202,48.01980198019802,0.49504950495049505,90.72164948453609,52.57731958762887,50.0,60.824742268041234
vintage-vsft,chat,ai_risk,240,75.41666666666667,0.0,95.02762430939227,49.171270718232044,50.83333333333333,76.79558011049724
web-base,bare,persona,384,95.57291666666667,0.5208333333333334,96.45776566757493,58.615517138953244,58.333333333333336,
web-base,bare,sycophancy,202,92.57425742574257,0.49504950495049505,79.67914438502673,58.288770053475936,52.97029702970298,39.037433155080215
web-base,bare,ai_risk,240,95.83333333333333,0.4166666666666667,86.08695652173914,55.65217391304348,56.666666666666664,60.0
web-base,chat,persona,384,19.791666666666668,2.0833333333333335,82.89473684210526,67.63440860215054,53.385416666666664,
web-base,chat,sycophancy,202,99.00990099009901,0.0,92.5,58.5,54.45544554455446,43.0
web-base,chat,ai_risk,240,98.33333333333333,0.0,94.49152542372882,53.38983050847458,57.91666666666667,53.813559322033896
web-tulu,bare,persona,384,100.0,0.0,98.69791666666666,62.5,61.71875,
web-tulu,bare,sycophancy,202,89.60396039603961,0.0,69.61325966850829,63.53591160220995,52.97029702970298,40.88397790055249
web-tulu,bare,ai_risk,240,99.58333333333333,0.0,85.77405857740585,57.74058577405857,59.583333333333336,69.0376569037657
web-tulu,chat,persona,384,99.73958333333333,0.0,98.9556135770235,60.310318499127405,60.677083333333336,
web-tulu,chat,sycophancy,202,100.0,0.0,87.12871287128714,78.21782178217822,51.98019801980198,53.960396039603964
web-tulu,chat,ai_risk,240,100.0,0.0,82.5,50.0,41.25,70.83333333333334
web-vsft,bare,persona,384,99.47916666666667,0.0,97.90575916230367,64.9561403508772,65.88541666666666,
web-vsft,bare,sycophancy,202,97.02970297029702,0.49504950495049505,46.42857142857143,66.83673469387756,51.48514851485149,47.95918367346938
web-vsft,bare,ai_risk,240,97.08333333333333,0.0,61.37339055793991,54.93562231759657,55.41666666666667,74.2489270386266
web-vsft,chat,persona,384,95.3125,0.0,97.26775956284153,60.92896174863388,60.416666666666664,
web-vsft,chat,sycophancy,202,99.5049504950495,0.0,66.16915422885572,72.636815920398,60.396039603960396,60.69651741293532
web-vsft,chat,ai_risk,240,87.91666666666667,0.0,66.82464454976304,60.18957345971564,57.49999999999999,70.14218009478674
