interface,scoring,arm,eval,order_invariance_pct
bare,letter,vintage-base,ai_risk,0.37973627107327657
bare,letter,vintage-tulu,ai_risk,43.6195960607578
bare,letter,vintage-vsft,ai_risk,3.484393256551494
bare,letter,web-base,ai_risk,51.10582540477383
bare,letter,web-tulu,ai_risk,64.338173927558
bare,letter,web-vsft,ai_risk,33.24987481221833
bare,text,vintage-base,ai_risk,77.74995827073944
bare,text,vintage-tulu,ai_risk,76.71089968285763
bare,text,vintage-vsft,ai_risk,66.49557669838092
bare,text,web-base,ai_risk,88.32832582206643
bare,text,web-tulu,ai_risk,83.79235519946586
bare,text,web-vsft,ai_risk,82.01886162577199
bare,letter,vintage-base,global_opinions,34.05930107113801
bare,letter,vintage-tulu,global_opinions,65.39222228831119
bare,letter,vintage-vsft,global_opinions,40.619755191660175
bare,letter,web-base,global_opinions,88.3145207114699
bare,letter,web-tulu,global_opinions,86.92940122407357
bare,letter,web-vsft,global_opinions,85.7961673591857
bare,text,vintage-base,global_opinions,76.01093963311364
bare,text,vintage-tulu,global_opinions,78.04418948854972
bare,text,vintage-vsft,global_opinions,72.03379496735784
bare,text,web-base,global_opinions,83.45036977107571
bare,text,web-tulu,global_opinions,83.74397544110907
bare,text,web-vsft,global_opinions,79.75934517297264
chat,letter,vintage-base,ai_risk,0.8471039893173092
chat,letter,vintage-tulu,ai_risk,37.56468035386413
chat,letter,vintage-vsft,ai_risk,4.828075446503088
chat,letter,web-base,ai_risk,47.404439993323315
chat,letter,web-tulu,ai_risk,67.90185277916875
chat,letter,web-vsft,ai_risk,33.30412285094308
chat,text,vintage-base,ai_risk,76.24770489066933
chat,text,vintage-tulu,ai_risk,75.19195459856451
chat,text,vintage-vsft,ai_risk,63.47855116007345
chat,text,web-base,ai_risk,86.01652478718077
chat,text,web-tulu,ai_risk,79.3398430979803
chat,text,web-vsft,ai_risk,84.70205307961943
chat,letter,vintage-base,global_opinions,29.6215781341121
chat,letter,vintage-tulu,global_opinions,68.54774025908982
chat,letter,vintage-vsft,global_opinions,35.701797467381795
chat,letter,web-base,global_opinions,87.62460723911647
chat,letter,web-tulu,global_opinions,85.85587110342992
chat,letter,web-vsft,global_opinions,83.03045444289685
chat,text,vintage-base,global_opinions,68.35257956313366
chat,text,vintage-tulu,global_opinions,69.47510640749837
chat,text,vintage-vsft,global_opinions,65.95937857192982
chat,text,web-base,global_opinions,86.36441316320588
chat,text,web-tulu,global_opinions,83.51862285945414
chat,text,web-vsft,global_opinions,82.18184861690118
