interface,scoring,subset,measure,groups,family,sft,delta,ci_low,ci_high
bare,letter,nlp_survey,excess,32,vintage,tulu,6.25,3.665614983974354,9.184945913461524
bare,letter,nlp_survey,excess,32,vintage,vsft,0.4907852564102561,-0.6911057692307614,1.5825320512820555
bare,letter,nlp_survey,excess_soft,32,vintage,tulu,2.294547787784929,1.7436061646972814,2.8489992869243848
bare,letter,nlp_survey,excess_soft,32,vintage,vsft,0.8610606147842099,0.1962357067509399,1.515685861706123
bare,letter,philpapers2020,excess,109,vintage,tulu,-0.1013479274348841,-0.8614942980045193,0.6571939543406462
bare,letter,philpapers2020,excess,109,vintage,vsft,-0.05067396371744199,-0.13775226352958067,0.0
bare,letter,philpapers2020,excess_soft,109,vintage,tulu,-0.06219864507044251,-0.4190441273813096,0.3050241890508869
bare,letter,philpapers2020,excess_soft,109,vintage,vsft,-0.0908175988491005,-0.1833372294203812,0.008963550056060957
bare,letter,political_typology_quiz,excess,15,vintage,tulu,-0.009803921568627338,-0.031249999999999573,0.0
bare,letter,political_typology_quiz,excess,15,vintage,vsft,0.16666666666666669,0.0,0.5321354166666546
bare,letter,political_typology_quiz,excess_soft,15,vintage,tulu,0.20919801196964938,-0.13355222800792257,0.6098253341026824
bare,letter,political_typology_quiz,excess_soft,15,vintage,vsft,0.6031602333678145,0.181696062162535,1.1342353304614536
bare,letter,nlp_survey,excess,32,web,tulu,30.30849358974359,27.834535256410213,33.12399839743576
bare,letter,nlp_survey,excess,32,web,vsft,2.954727564102564,-1.2422375801281926,7.131660657051272
bare,letter,nlp_survey,excess_soft,32,web,tulu,1.0628167730036147,0.9088080045486264,1.237664830725573
bare,letter,nlp_survey,excess_soft,32,web,vsft,2.3428233752143974,2.1777821265385007,2.525812162430797
bare,letter,philpapers2020,excess,109,web,tulu,15.465693726563293,11.740836421304474,19.138172900481905
bare,letter,philpapers2020,excess,109,web,vsft,4.996452822539778,1.2117999785844316,8.6829630867236
bare,letter,philpapers2020,excess_soft,109,web,tulu,2.1760570037575713,1.9345614190348523,2.4190438041103244
bare,letter,philpapers2020,excess_soft,109,web,vsft,2.6793673403577127,2.275796997276579,3.077263360800246
bare,letter,political_typology_quiz,excess,15,web,tulu,5.30392156862745,-3.201388888888889,12.518518518518677
bare,letter,political_typology_quiz,excess,15,web,vsft,3.4215686274509824,-8.864093137255008,17.247564338235346
bare,letter,political_typology_quiz,excess_soft,15,web,tulu,0.11607053252047717,-0.630421909644717,0.7875454848282779
bare,letter,political_typology_quiz,excess_soft,15,web,vsft,1.01229319181114,-0.12501626230847418,2.3103462246213278
bare,text,nlp_survey,excess,32,vintage,tulu,-0.8613782051282046,-1.7327724358974381,-0.24038461538461578
bare,text,nlp_survey,excess,32,vintage,vsft,0.060096153846153966,-0.4407051282051322,0.5208333333333295
bare,text,nlp_survey,excess_soft,32,vintage,tulu,-0.20640754968515207,-0.9463453956447451,0.41110377255001146
bare,text,nlp_survey,excess_soft,32,vintage,vsft,0.9776831677125783,0.4543394199130447,1.6544017935245994
bare,text,philpapers2020,excess,109,vintage,tulu,1.0134792743488399,-1.1619286922058185,3.1470003060912184
bare,text,philpapers2020,excess,109,vintage,vsft,-3.699199351373263,-5.814080957883917,-1.8591526304250456
bare,text,philpapers2020,excess_soft,109,vintage,tulu,1.3263152404312004,0.14655360791451347,2.5450553374118767
bare,text,philpapers2020,excess_soft,109,vintage,vsft,-3.0725410957412236,-3.892676376672443,-2.2500333256933684
bare,text,political_typology_quiz,excess,15,vintage,tulu,-3.92156862745098,-9.254901960784263,0.07843137254901933
bare,text,political_typology_quiz,excess,15,vintage,vsft,-0.5588235294117658,-2.3166666666666784,1.187760416666654
bare,text,political_typology_quiz,excess_soft,15,vintage,tulu,-1.0189888182378792,-2.9018726678632802,0.3054772218413571
bare,text,political_typology_quiz,excess_soft,15,vintage,vsft,0.9765903711134727,-0.12932409601374537,2.1655349392777996
bare,text,nlp_survey,excess,32,web,tulu,0.0,0.0,0.0
bare,text,nlp_survey,excess,32,web,vsft,0.060096153846153744,0.0,0.14022435897435884
bare,text,nlp_survey,excess_soft,32,web,tulu,-0.10272279289472408,-0.25133558959794394,0.04734756454755295
bare,text,nlp_survey,excess_soft,32,web,vsft,3.1282419935814683,2.854087903664133,3.419900308955634
bare,text,philpapers2020,excess,109,web,tulu,2.361406709232794,0.18701988823856597,4.632985257985252
bare,text,philpapers2020,excess,109,web,vsft,1.5708928752407,-0.7500288328356204,3.9080576243435994
bare,text,philpapers2020,excess_soft,109,web,tulu,3.2988250615268164,2.3823000358090978,4.242402848589353
bare,text,philpapers2020,excess_soft,109,web,vsft,0.9555513549738972,0.05777433208830318,1.9054408416956705
bare,text,political_typology_quiz,excess,15,web,tulu,-0.03921568627451011,-3.8078947368421217,4.4785937500000434
bare,text,political_typology_quiz,excess,15,web,vsft,3.0980392156862733,-0.3039215686274479,8.245723684210496
bare,text,political_typology_quiz,excess_soft,15,web,tulu,2.937528277494846,1.1489912955525687,5.040146445802043
bare,text,political_typology_quiz,excess_soft,15,web,vsft,2.94671187155706,1.5647675980438545,4.436471117247372
chat,letter,nlp_survey,excess,32,vintage,tulu,5.629006410256409,3.3651342147435854,8.383663862179478
chat,letter,nlp_survey,excess,32,vintage,vsft,0.030048076923076858,-0.0701121794871794,0.1302083333333334
chat,letter,nlp_survey,excess_soft,32,vintage,tulu,2.125069404825185,1.6478130785271081,2.6257178243235506
chat,letter,nlp_survey,excess_soft,32,vintage,vsft,0.037016708851435376,-0.4732667049920247,0.5810266452543912
chat,letter,philpapers2020,excess,109,vintage,tulu,0.03040437823046517,-0.029139871382636698,0.08827562810675284
chat,letter,philpapers2020,excess,109,vintage,vsft,-0.010134792743488373,-0.0426917159161157,0.020755500207555
chat,letter,philpapers2020,excess_soft,109,vintage,tulu,0.3707967751624224,0.17578492944484597,0.5748397766373072
chat,letter,philpapers2020,excess_soft,109,vintage,vsft,-0.10469160272195467,-0.2234639058979406,0.02023813460925806
chat,letter,political_typology_quiz,excess,15,vintage,tulu,0.8137254901960784,0.0,2.5980729166666285
chat,letter,political_typology_quiz,excess,15,vintage,vsft,0.0,0.0,0.0
chat,letter,political_typology_quiz,excess_soft,15,vintage,tulu,0.4728864389410101,0.05154291596025017,1.0245577294265928
chat,letter,political_typology_quiz,excess_soft,15,vintage,vsft,0.7605185018068097,0.15339782819254336,1.59402509501649
chat,letter,nlp_survey,excess,32,web,tulu,29.547275641025642,25.851362179487285,33.08318309294873
chat,letter,nlp_survey,excess,32,web,vsft,-0.78125,-4.958183092948698,3.4655448717948327
chat,letter,nlp_survey,excess_soft,32,web,tulu,0.15962384988907186,-0.18710843666325236,0.5206439579424407
chat,letter,nlp_survey,excess_soft,32,web,vsft,3.381989206239858,2.9817237837515194,3.835107264417464
chat,letter,philpapers2020,excess,109,web,tulu,17.573730617208877,13.377983912817852,21.75468682561806
chat,letter,philpapers2020,excess,109,web,vsft,16.367690280733758,12.26822980824506,20.350032128781823
chat,letter,philpapers2020,excess_soft,109,web,tulu,2.601855777192215,2.0931491646400504,3.057435126905527
chat,letter,philpapers2020,excess_soft,109,web,vsft,8.651678093964792,7.613821019175974,9.63486915363168
chat,letter,political_typology_quiz,excess,15,web,tulu,4.637254901960782,-2.066059027777707,12.000208333333429
chat,letter,political_typology_quiz,excess,15,web,vsft,6.215686274509805,-3.553260233917996,17.50393518518513
chat,letter,political_typology_quiz,excess_soft,15,web,tulu,-0.20949286603691908,-1.2233962625213404,0.6320197961102777
chat,letter,political_typology_quiz,excess_soft,15,web,vsft,3.7628144481109844,1.518327070864227,6.164304549750168
chat,text,nlp_survey,excess,32,vintage,tulu,-2.1534455128205128,-3.4758112980769185,-1.0714643429487192
chat,text,nlp_survey,excess,32,vintage,vsft,4.837740384615385,2.333733974358977,7.773187099358967
chat,text,nlp_survey,excess_soft,32,vintage,tulu,0.08294887392792472,-0.7485748477433423,0.8782213417171315
chat,text,nlp_survey,excess_soft,32,vintage,vsft,3.7673208160408,2.731656016718541,4.8700281965841885
chat,text,philpapers2020,excess,109,vintage,tulu,2.087767305158609,-0.16417609860232713,4.516394616265748
chat,text,philpapers2020,excess,109,vintage,vsft,-2.5742373568460515,-5.050590652285564,-0.2638120398888408
chat,text,philpapers2020,excess_soft,109,vintage,tulu,2.0204150708686015,0.6775563575780548,3.5327218581116675
chat,text,philpapers2020,excess_soft,109,vintage,vsft,-2.21794591712925,-3.4126526563116095,-1.027344302033714
chat,text,political_typology_quiz,excess,15,vintage,tulu,-1.8529411764705885,-6.471323529411779,1.4901041666666672
chat,text,political_typology_quiz,excess,15,vintage,vsft,1.4509803921568625,0.031249999999996975,3.448385416666601
chat,text,political_typology_quiz,excess_soft,15,vintage,tulu,-0.9881108577917502,-2.984760670629533,0.6023598215586058
chat,text,political_typology_quiz,excess_soft,15,vintage,vsft,1.0995995541169061,0.3124046678405354,1.9337147525400522
chat,text,nlp_survey,excess,32,web,tulu,-0.8313301282051282,-1.1518429487179502,-0.5108173076923083
chat,text,nlp_survey,excess,32,web,vsft,8.463541666666668,5.488782051282059,11.779847756410279
chat,text,nlp_survey,excess_soft,32,web,tulu,1.7413564566986302,1.3018185067114731,2.2221556143480488
chat,text,nlp_survey,excess_soft,32,web,vsft,6.916577661128009,6.393527106933327,7.499729047870874
chat,text,philpapers2020,excess,109,web,tulu,1.9965541704672098,-1.391028004382652,5.502156300000612
chat,text,philpapers2020,excess,109,web,vsft,7.2463768115941996,4.103496716422042,10.586119042367818
chat,text,philpapers2020,excess_soft,109,web,tulu,3.9591474156201034,2.3835405558674463,5.626642767431285
chat,text,philpapers2020,excess_soft,109,web,vsft,7.853161963643176,5.687469617231978,10.086694734527832
chat,text,political_typology_quiz,excess,15,web,tulu,0.980392156862745,-5.742106481481399,8.135937499999866
chat,text,political_typology_quiz,excess,15,web,vsft,4.401960784313726,-2.212343749999899,12.407031249999973
chat,text,political_typology_quiz,excess_soft,15,web,tulu,2.4025389269760766,0.42894112911888294,4.934382246533244
chat,text,political_typology_quiz,excess_soft,15,web,vsft,3.4390845705044977,1.0760834614618047,6.0963413480820225
