interface,arm,occupations,r,r_ci_low,r_ci_high,neutral_pct,neutral_ci_low,neutral_ci_high,female_share_pct
bare,vintage-base,299,0.5503334084796399,0.4747407051911563,0.6175493240883021,4.616297382845583,4.191115001326633,5.054923362225028,13.917492522707784
bare,vintage-tulu,299,0.6225580150181548,0.5514681409493519,0.6825870004614395,20.61124892792164,19.60410506592626,21.634709277373656,26.558748158979633
bare,vintage-vsft,299,0.5112451592679172,0.43472164517357426,0.58110171947498,3.8415349303712465,3.3911767727373525,4.312247628149058,10.984027258062548
bare,web-base,299,0.8417852396249172,0.8074152522260089,0.8722794818792444,20.548798460251234,19.280522253053693,21.81540519106283,31.622217262936196
bare,web-tulu,299,0.8319461382659685,0.7947458062789183,0.8648836240074907,32.14310269861156,30.649106317983005,33.64789414226595,35.63178844182778
bare,web-vsft,299,0.8096031806969537,0.7696475688777693,0.8449904497986557,11.720794590938116,10.665608544486199,12.812875278654628,30.451311469272603
chat,vintage-base,299,0.516227780565161,0.43197624976607596,0.5882820500224568,3.4123400958378896,3.0037655600929276,3.830689596573273,13.593422069635592
chat,vintage-tulu,299,0.633383694049379,0.5626926525833562,0.6930964930300656,22.871132622845884,21.8339370108187,23.889910683269328,31.266977629830965
chat,vintage-vsft,299,0.4830521246798996,0.40130342866278185,0.5574426558894943,3.498158835818488,3.048196058898274,3.9705854425454086,11.58420699857636
chat,web-base,299,0.8262895606598194,0.7898366611983239,0.8592565001856171,22.411218934296166,21.16032050962368,23.696788207026408,28.365829783859752
chat,web-tulu,299,0.8279259410540928,0.7902598854176972,0.8614863479173974,34.92535216662608,33.387405072194134,36.555404208957334,36.49867964197486
chat,web-vsft,299,0.7334923488484392,0.6848731662008841,0.7756702740596194,9.366886320469037,8.469078953726255,10.30890597990092,22.879486609348938
